source_id,full_name,citation,version_or_year,official_url,license,non_commercial,upstream_images,derived_patches_reported,annotation,notes
CRACK500,CRACK500 pavement crack dataset,"Yang F., Zhang L., Yu S., Prokhorov D., Mei X., Ling H. Feature Pyramid and Hierarchical Boosting Network for Pavement Crack Detection. IEEE Transactions on Intelligent Transportation Systems 21(4) 2020",2019/2020,https://github.com/fyangneil/pavement-crack-detection,Academic research use (no permissive license; copyright retained),yes,500,3131,Pixel-level masks (converted to boxes),"500 images at 2000x1500; tiled/cropped to 416x416 detection patches"
DeepCrack,DeepCrack crack segmentation dataset,"Liu Y., Yao J., Lu X., Xie R., Li L. DeepCrack: A Deep Hierarchical Feature Learning Architecture for Crack Segmentation. Neurocomputing 338 2019",2019,https://github.com/yhlleo/DeepCrack,Non-commercial research/teaching (authors retain image and annotation copyright),yes,537,382,Pixel-level masks (converted to boxes),"537 images at 544x384; concrete and asphalt"
GAPs,German Asphalt Pavement Distress Dataset,"Eisenbach M. et al. How to Get Pavement Distress Detection Ready for Deep Learning? A Systematic Approach. IJCNN 2017",2017,https://www.tu-ilmenau.de/en/university/departments/department-of-computer-science-and-automation/profile/institutes-and-groups/institute-of-computer-and-systems-engineering/group-for-neuroinformatics-and-cognitive-robotics/data-sets-code/german-asphalt-pavement-distress-dataset-gaps,Free for research under TU Ilmenau terms (see official Q&A/terms),research-terms,1969,433,Distress labels (converted to boxes),"1969 grayscale images at 1920x1080"
CrackForest,CrackForest Dataset (CFD),"Shi Y., Cui L., Qi Z., Meng F., Chen Z. Automatic Road Crack Detection Using Random Structured Forests. IEEE Transactions on Intelligent Transportation Systems 17(12) 2016",2016,https://github.com/cuilimeng/CrackForest-dataset,Academic research use (copyright retained),yes,118,240,Pixel-level masks (converted to boxes),"118 images at 480x320"
CrackTree,CrackTree200 pavement crack dataset,"Zou Q., Cao Y., Li Q., Mao Q., Wang S. CrackTree: Automatic crack detection from pavement images. Pattern Recognition Letters 33(3) 2012",2012,https://doi.org/10.1016/j.patrec.2011.11.004,Academic research use (distributed by authors),yes,206,112,Pixel-level masks (converted to boxes),"varied-resolution pavement images; obtain via the cited authors"
TunnelLining,Tunnel-lining crack collection (composite of public tunnel-lining defect releases such as TACK Tunnel Data/TTD),"Public tunnel-lining defect releases; see e.g. TACK Tunnel Data (TTD) arXiv:2512.14477",2024-2026,https://arxiv.org/abs/2512.14477,Mixed per source (CC BY 4.0 where stated; otherwise research use),mixed,varies,1000,Masks converted to boxes,"tunnel concrete lining cracks; per-file license recorded by the audit pipeline"
ConcreteFacade,Concrete-facade / structural concrete crack collection (composite; includes CC BY 4.0 concrete crack releases such as the Mendeley Concrete Crack Images for Classification),"Ozgenel C.F. Concrete Crack Images for Classification (Mendeley) 2018; and public crack aggregations",2018+,https://data.mendeley.com/datasets/5y9wdsg2zt6,CC BY 4.0 for the Mendeley release; other components per source,no (CC BY 4.0 component),varies,800,Masks converted to boxes,"concrete walls/facades; per-file license recorded by the audit pipeline"
Pothole,Annotated pothole collections (Pothole-600 plus public annotated pothole projects),"Fan R. et al. Pothole detection based on disparity transformation and road surface modeling. IEEE TIP 2019; and public pothole projects",2019+,https://sites.google.com/view/pothole-600/dataset,Mixed: Pothole-600 for research; some public projects under ODbL/CC BY,mixed,600,2313,Box / segmentation-mask annotations,"top-down road potholes; per-file license recorded by the audit pipeline"
Background,Defect-free background frames sampled from the above public sources,Same as parent sources,2019+,same as parent,License follows the source frame,mixed,varies,15,None (background-only),"15 background-only frames used in the benchmark"
