group_sha256,kept_path,removed_paths
578aaa2dca4050dccaa94b0278136d187e83f8a772075712f542d3f01fa38a82,images/test/CFD_005_jpg.rf.748858007e9c7219cc9c73b4e6730741.jpg,images/train/CFD_005_jpg.rf.4da6787e42100b2ae38632837baea8d0.jpg
770bea24861e5e367f857990ec79db8debf8f255d4678057e74ab1a951dad18c,images/test/CFD_036_jpg.rf.0b63e99ef4b85ccc950d83ffa77bd0c1.jpg,images/val/CFD_036_jpg.rf.22c68d811f0885650d03d5b3b89bca6b.jpg
086460a386fbd4225c35e38b8e14093e4c688a138c771bb9bc6ed54ab7ae4948,images/test/CFD_051_jpg.rf.91a22304c64341907bfd232b17e3ca53.jpg,images/val/CFD_051_jpg.rf.e8c206ed1860997aebc2d568c725bec2.jpg
bf57f50d66db375ec8fcba2014ecabed15ee3bd7b2413d6ff8e74091fc0e4c3a,images/test/CFD_060_jpg.rf.8571b2554d6811ebd1c3a073b5b2a5c4.jpg,images/train/CFD_060_jpg.rf.58b553e4bc289d032af6b9b7e07c96d5.jpg
45701b0dc6c2c66e8e769cb87ff9a1fa95bafe3f7a68472e587e4f91ed224074,images/test/CFD_069_jpg.rf.95afc4486e8acb46d23ec7f3477ff9a6.jpg,images/train/CFD_069_jpg.rf.2f8eca84b75e1cc38629124d81ea9060.jpg
daf54415f1bf243f5f8914b99b26038b140b2c22ac4ed2fa78e84241c677129d,images/test/CFD_074_jpg.rf.0cc4343216cc437640cc77822bfcdae7.jpg,images/train/CFD_074_jpg.rf.f671850aab8ea844195551bb39d0a32f.jpg
66aee65a7c2cea2af581c0bb46253a20313e04c6d2479e081ebe81c5070e0dc8,images/test/CFD_088_jpg.rf.8c726dbe2f1c494beaf02104c489c2b6.jpg,images/train/forest_088_jpg.rf.89d501a0fac6093011ca4a116d58e009.jpg
b53840be787ee2bd13276afb2cf48ed325476b73f6104dc1eac580b6c01f9300,images/test/CFD_094_jpg.rf.24a6f6e868ff7a66547d3339fdc36a0f.jpg,images/train/CFD_094_jpg.rf.e31636fcfc05c4482944834e5f006eea.jpg
b12f20a6aaddd961748615d1d83bef5397a4a936630db4f7217dd52c3faae43a,images/test/CFD_110_jpg.rf.4e0e66a0d52add339d8171f96902e861.jpg,images/test/CFD_110_jpg.rf.b62a3e4a31f3b497b8d94ab3669165f6.jpg
fa9cb38e10a913510cf265905a7209db10bd1fe9cf2c17d61c78774f093fac0d,images/test/CFD_118_jpg.rf.79654612c477d817b586c7db90de4930.jpg,images/train/forest_118_jpg.rf.9ba0dde4c08fc72cb96dfe7c5b9d7965.jpg
20e20c37b41658af89ab1865f338cac2dd8104228fc6a31764d617c5eb93f6f6,images/test/CRACK500_20160222_081011_1281_721_jpg.rf.4af9cfe73bcda5dcb8e2f80c7d246ec9.jpg,images/train/CRACK500_20160222_081011_1281_721_jpg.rf.8f039dbfd35eb50ed9ebaeed183cffd8.jpg
fe681fe6ed86c8682620aa693fe2e8bd726bf071b118d283be4b61c66fef6681,images/test/CRACK500_20160222_081102_641_721_jpg.rf.2ec29ecc0e37ff9943e211ba89903a11.jpg,images/train/CRACK500_20160222_081102_641_721_jpg.rf.249d7583b070ff835e05eb3b76f51963.jpg
74c3f18c8da236d720d7dfa225e1b3ad329882123142c2e68a1b5ccfe37ec498,images/test/CRACK500_20160222_081113_1281_361_jpg.rf.a9479ecbfbce1217f8564250efabe59c.jpg,images/train/CRACK500_20160222_081113_1281_361_jpg.rf.83741d26936aa698966fd5411185ee8d.jpg
edfa6c6fc922d9e88e7b506472ec16e61e3569c00f37a7875b5d0d5346eab196,images/test/CRACK500_20160222_081113_641_361_jpg.rf.f2f4dce08175ec171da9c6c86ab5cecf.jpg,images/train/CRACK500_20160222_081113_641_361_jpg.rf.73bb4e8df2e28977c0346dff39e5d95c.jpg
f1e5ec53e850aed730f1fcfdf701a9417dc6afdc869b32ec4f3d1efd1fee1468,images/test/CRACK500_20160222_114759_1281_1081_jpg.rf.13cede6469a5806d308d583660c13a01.jpg,images/train/CRACK500_20160222_114759_1281_1081_jpg.rf.c13ccb0c0ca35929ad80b057c901bb6b.jpg
993f56a19c89393e45f8575f13bbfe07b062c7adcf8bc481acb71436ed59be65,images/test/CRACK500_20160222_114759_1281_361_jpg.rf.93729bfcf29f47dc22b7122551ed620a.jpg,images/train/CRACK500_20160222_114759_1281_361_jpg.rf.8888d73c1ae4adde3da9aff1f38966dd.jpg
01fdc947aacdc4d936e305075e5c60904fb2ab8d0a87b57cfc57e34e02f991e8,images/test/CRACK500_20160222_114806_1281_1_jpg.rf.284d87639fa5fd1195832fe408e1d562.jpg,images/val/CRACK500_20160222_114806_1281_1_jpg.rf.1fe00dee7dd1e4b1a166218d671b1515.jpg
13f4a563d38261d99438c52e195f13183cbb638b9afb94e09fae455a0da14a84,images/test/CRACK500_20160222_114806_1281_721_jpg.rf.9b1063726b673c4edebad262af7fcda5.jpg,images/train/CRACK500_20160222_114806_1281_721_jpg.rf.c1b720d70b129422c711cd9dba1a5491.jpg
c53e4dff80bef4fd83cfa8408d586d2e203eb796ade4e7b95f6e532f80fa519c,images/test/CRACK500_20160222_115219_641_1_jpg.rf.a7c4ffc0bb9152f0abb8d3cfc329baa8.jpg,images/train/CRACK500_20160222_115219_641_1_jpg.rf.3c680e0d7bc87638adda9e67b3f05498.jpg
e1f5a924dd45803df1d25cdc7d977fa810a4b42fd71f055c376af5729ca05a8f,images/test/CRACK500_20160222_115224_641_1_jpg.rf.4f4d21efa517ebf4ed3dbf51cea786e7.jpg,images/train/CRACK500_20160222_115224_641_1_jpg.rf.968698c58e02479778e17c5560cdd7cf.jpg
d28369a4e01f41e1bbf7a7ce9e3ea2018afb5a8ef5ef4123b25df112230acb2e,images/test/CRACK500_20160222_115233_641_361_jpg.rf.215c42a7a782820b9e86f2f71d5e9fe8.jpg,images/val/CRACK500_20160222_115233_641_361_jpg.rf.c719b38f8ce033e2e3cb47dd6c8fd127.jpg
d1ce030cbb5fe07edc7b98b51a4eb82ecc87290671621b818dbe0d61cd9fb19d,images/test/CRACK500_20160222_165926_1281_361_jpg.rf.f8a1a5b684d3485dc1c9b900ce09cd3a.jpg,images/train/CRACK500_20160222_165926_1281_361_jpg.rf.3dfffe64cb9f5c4b49fb8a8cf84876a2.jpg
7ee18f489d907724e6fff71bd25328554f23f5193a5cbdbd01a93eeff5de8cab,images/test/CRACK500_20160222_165937_641_361_jpg.rf.8ddf88b7b3a7637bc0a091eec8dfdf81.jpg,images/train/CRACK500_20160222_165937_641_361_jpg.rf.ea68a4b4cb180c3d526bd7cf609b98e4.jpg
4c9c2aca58123d3acfbfd3cc72d9c48bd87755b7b7c780c7679fc1923f93337d,images/test/CRACK500_20160222_165947_641_361_jpg.rf.5b98d65e3adb3670d2bd3b9fc53fb806.jpg,images/train/CRACK500_20160222_165947_641_361_jpg.rf.959c8358d6b1259b88138e08abc668bc.jpg
38eb651d42ccd16e48b89f659a0382ed3fe3b65c7066bd74008bfae07966aafe,images/test/CRACK500_20160222_165951_1281_361_jpg.rf.76049cee9fd590157cf0c89aee61bdf8.jpg,images/test/CRACK500_20160222_165951_1281_361_jpg.rf.8b63a8c97ba0ca90631c4f540edcdf35.jpg
3bfdd9e1bf4c8ad5850c4d6bde0c3d1801fa4c739db6ae21f08e0febc3457ba2,images/test/CRACK500_20160225_114503_641_1081_jpg.rf.dcf85141447a6a536eeab894e3e7e729.jpg,images/train/CRACK500_20160225_114503_641_1081_jpg.rf.6d303a8e39ece9597274a95452bb70d1.jpg
1b63d79d3c6acf17b557d5565bf095d448937796353d2a8e408fa974627cfe4e,images/test/CRACK500_20160225_114503_641_361_jpg.rf.a739a932968170b406eb2b60501734c6.jpg,images/train/CRACK500_20160225_114503_641_361_jpg.rf.9437d2ef9d7cbc2f20e211bb8d861fba.jpg
611dd94915906f35f6d38c9cb65e16a052e5e3b045e673e2bd77eb0bec207c51,images/test/CRACK500_20160225_114531_1281_1081_jpg.rf.7bee473faee3ab9f657a7c48b007febc.jpg,images/train/CRACK500_20160225_114531_1281_1081_jpg.rf.67cf16b9e1b2f6c07f7af8888b8d8cc6.jpg
b4c0b21f30e620d8bdd6f31cfe2831eae96ae881bc2ab694d497ee8bf36a4e7a,images/test/CRACK500_20160302_155925_1921_361_jpg.rf.a241855f0537bc3f2453ecb456ebccbe.jpg,images/train/CRACK500_20160302_155925_1921_361_jpg.rf.8cb3e349484aaae586cb74977cb8e101.jpg
01b3a6b33e58aae811358841d52815b4f1de2f36048257699b6299ac494154ae,images/test/CRACK500_20160302_160033_1921_361_jpg.rf.362106171ea46954d230be2284e4ed39.jpg,images/train/CRACK500_20160302_160033_1921_361_jpg.rf.e061a5b9d17458826938d827a04aeb22.jpg
aeccb96d773230fb2f9203086749a9623d083e0d71274859738e33f0b7e24f09,images/test/CRACK500_20160303_091825_1921_361_jpg.rf.1a542102f2aef4f210420e1b8bd128c9.jpg,images/train/CRACK500_20160303_091825_1921_361_jpg.rf.719984a8c91f2dc8169c7d37dce8bc46.jpg
564e8df8207955521a75b2d4c50ffc20114b6d3ba43e6f87751143813385f09c,images/test/CRACK500_20160303_091830_721_1281_jpg.rf.d76c01f849306291c73eec6be8be3338.jpg,images/train/CRACK500_20160303_091830_721_1281_jpg.rf.3cb0638da44174e108971fe4b159fced.jpg
2ec10afd0989e65f6bced4c56721217ad9bd2d1f029d0154043a6d36e27773f6,images/test/CRACK500_20160303_091830_721_1_jpg.rf.814e516fd0a953403f37f275609da141.jpg,images/test/CRACK500_20160303_091830_721_1_jpg.rf.a33f2ece9ace047106d936602508c66e.jpg
52d2b5c2651ba2bdaa3f170065436fe3718df639b349259163bb1afc66cd9054,images/test/CRACK500_20160303_091837_721_1921_jpg.rf.b5a50cd17bdd1d741d7fa1a8d7425712.jpg,images/train/CRACK500_20160303_091837_721_1921_jpg.rf.9596fb953653149ec06d5520a705cbd2.jpg
5dbfd1e3eab3c92b7b124bb9eae71037cc361bb6e7c442762f41871b62f197ef,images/test/CRACK500_20160307_145000_1921_721_jpg.rf.d91c9b855d08b88e9cdafcfc66e163fa.jpg,images/train/CRACK500_20160307_145000_1921_721_jpg.rf.889a1a12d162aef0b1c0b5c9091d7ca1.jpg
ae153b9edd01b6c9cfd6625f41d170ef01d35ad1af24faad9396722a42c4cc89,images/test/CRACK500_20160307_164334_1281_361_jpg.rf.05b43a7ce808d6f91148197ec1ba6de5.jpg,images/train/CRACK500_20160307_164334_1281_361_jpg.rf.602fcec1132ab568fc5294c368ada439.jpg
1759f715c431f311dd4bbb5ab16d028d6f397ca3c40d05fbef9861821a3f992f,images/test/CRACK500_20160308_072844_641_721_jpg.rf.a25c82b6f8b1f6148ddd5c9458dabf31.jpg,images/train/CRACK500_20160308_072844_641_721_jpg.rf.f87954b51e83e776aed6bb4a06b09375.jpg
114c5da77c4a85a04e1c1a6bc578ab7d6157a19a0dd66fa378b32542cc731f7b,images/test/CRACK500_20160308_072951_641_361_jpg.rf.13b45f4c7c2eb55f8e4827f054e47c61.jpg,images/train/CRACK500_20160308_072951_641_361_jpg.rf.fe0b4df74276650ebd5a271bd2c9a69e.jpg
a0525dcf18a1204b9284d3a520e2b6a54e0b3dcb246d5dbe5a632513445735cd,images/test/CRACK500_20160308_073356_641_361_jpg.rf.4f87622463bf81b86d4da2c34f374e6b.jpg,images/test/CRACK500_20160308_073356_641_361_jpg.rf.c0068ecbb075e5caab0249e15b6962c4.jpg
031b0559553b606d9646b47802c54ff232f54d6fe936ca56a40e177095612043,images/test/CRACK500_20160308_155720_1921_1_jpg.rf.7741c890e4b958c6660a09d512a5a448.jpg,images/val/CRACK500_20160308_155720_1921_1_jpg.rf.136f872d4f0b01834646f06a19145b60.jpg
49ee95b5f057ad41478b8d71f336843e494a6785c4737eb5383382327d72c0cc,images/test/CRACK500_20160316_141736_1_361_jpg.rf.13bde0c32c50a73cca6791104255143b.jpg,images/train/CRACK500_20160316_141736_1_361_jpg.rf.96ac2c5e6433e5717b9dbb7063767fda.jpg
081535513f3c6467e7e32e378f0d61ec77dcc0566b464526575a9a8bef1c73d2,images/test/CRACK500_20160318_181627_1281_361_jpg.rf.54898ec47c5edc0ced9a2935bb59b774.jpg,images/val/CRACK500_20160318_181627_1281_361_jpg.rf.7ae9249d3a4fd6f7330e647bc681d885.jpg
8d11c61747d99e6c8eb032b53fe870e6d3fdb8e73e9d841b034a44ae8dfeb052,images/test/CRACK500_20160321_185534_641_721_jpg.rf.5962579e6ac30951602d13a47b3581fc.jpg,images/train/CRACK500_20160321_185534_641_721_jpg.rf.850fb89488985c5f5776ced048905ea0.jpg
0000fb3c7a0a617e7e60ca2adbdd77e4cff7f45803485f15ed2169d7a9facd03,images/test/CRACK500_20160326_142403_1921_721_jpg.rf.c0120a75bdbbe4c637bc70c76d14cc27.jpg,images/train/CRACK500_20160326_142403_1921_721_jpg.rf.508439d54a6161db76e8637ef560371f.jpg
337deb8da9729bd74dba30faf6126260ac73d6c6fc67b1e8f1f1cbf6388c8a0d,images/test/CRACK500_20160326_150319_1081_641_jpg.rf.64af77774faf50b63829de364488baa8.jpg,images/test/CRACK500_20160326_150319_1081_641_jpg.rf.c788a09c8b031e98d3b66e38f4d6035e.jpg
93221d78d13f11ec23090f46f2bd43ef5bd264c418046788d20e3d5e02701169,images/test/CRACK500_20160326_150319_1_641_jpg.rf.51fac140dc1b41c46730e1bdff1ecc02.jpg,images/train/CRACK500_20160326_150319_1_641_jpg.rf.1531ab13c55a9b59fd03a3104b23b8b1.jpg
fb2f6b20266ebcb2e770be03f9e3d527dfbe93d687def12dfc8429d1c91f9979,images/test/CRACK500_20160328_151014_641_361_jpg.rf.213a5eb3acab4287c882c001a5bc1e4c.jpg,images/test/CRACK500_20160328_151014_641_361_jpg.rf.477ddadbc630f3e9c99b1fd98ce8a5ea.jpg
f9e0c385feb9516de004b31381b007eba30e51b693f30234e119e1a9ac85b8db,images/test/CRACK500_20160328_151657_1281_1081_jpg.rf.207bf771c652e84ea5427bf80d4bb338.jpg,images/train/CRACK500_20160328_151657_1281_1081_jpg.rf.7f4c30fc47d675c362c84cb2646016f1.jpg
65485597c4bbd9584abb04e43bec0287b395815a1e10eb0bfc9ce3a2691ced09,images/test/CRACK500_20160328_153533_641_1_jpg.rf.3e4d5e5ebb0312231100df0e9ae03130.jpg,images/train/CRACK500_20160328_153533_641_1_jpg.rf.35299f5422ece06b2ef610dcaaf92315.jpg
1079122805774933365108bcc976f53adfab14b231a82ed433615dc606af78d0,images/test/CRACK500_20160328_153536_1_361_jpg.rf.aafe14d4dfde84c35745330295051fe1.jpg,images/train/CRACK500_20160328_153536_1_361_jpg.rf.3c919bef8073d02391266d22119ad057.jpg
f72e988839194f3bd2374fa8464b2f57434c279042c7e0e6202e7eed4f8368b3,images/test/DeepCrack_11236-3_jpg.rf.b6fd6bf1204b7e4a82361eaae0b9d726.jpg,images/train/DeepCrack_11236-3_jpg.rf.1ee2dbce137379ad5056b259ae7448a5.jpg
1eec9699d9bc55214293f17a9e3f6ae84acf1c06671a47340d9936cd1dae8570,images/test/DeepCrack_11236-6_jpg.rf.20cb7b520cd54c594c2dc2f8366f85e6.jpg,images/test/DeepCrack_11236-6_jpg.rf.e92cb7cef0b17854681f70924176ca94.jpg
071915063cc6afc195f7fc893becaee46499c1520f4c21164317a5cf3575e3e8,images/test/DeepCrack_11247-1_jpg.rf.6c47a316e2b6c32b730f3765a022f015.jpg,images/train/DeepCrack_11247-1_jpg.rf.43533401795a00bb1cdcfba33ff3dd4b.jpg
9226613a7fe95b402cbeda73b91f8b748b44082c60f00ebcc03204921a89fb4e,images/test/DeepCrack_11247-4_jpg.rf.8af45ddffc9cc431b7c6e9ecc9739dfa.jpg,images/train/DeepCrack_11247-4_jpg.rf.41b4883fb6e7a45d6ef072214a869437.jpg
f8cd9f8b9fdc98ff10e6eec2d4bfdd20cc3b31dd63ee7878dcd431689330a6aa,images/test/DeepCrack_11247-6_jpg.rf.ee154600dbb5d4b8c034900606b4b175.jpg,images/train/DeepCrack_11247-6_jpg.rf.f839686f357455039eba161cab66ad75.jpg
52ae568ad0bfe4c9d325ae220eee097548c6c5dfd4806ee5434c8d00d8f1756b,images/test/DeepCrack_11249-5_jpg.rf.00d5f15c61cd0e4c25402b3db085241f.jpg,images/test/DeepCrack_11249-5_jpg.rf.528f3f74c317e65edfeaeefd124783d6.jpg
8bf9c07da5a1d1d788e49b37ec9e25f436cd0c5bb969e9a4f06b1ea993dbacc0,images/test/DeepCrack_11266-4_jpg.rf.ace6f9adb61350a35db99592a62655ec.jpg,images/train/DeepCrack_11266-4_jpg.rf.94f1fc941f622b79a4768d8800aaf5b8.jpg
d35607278b638d20cd53a43fae70096972c464e6d7dc0fe05e5263a47e45ae9f,images/test/DeepCrack_11269-5_jpg.rf.af2d1e14645e191b0e088dd0fbdfeceb.jpg,images/train/DeepCrack_11269-5_jpg.rf.2477b824547dae8a225ddcbb7ecfd4c3.jpg
56699d03313784c4cbb03a6f70a1eb3072ce600bdafb3c716e7d56840527499e,images/test/DeepCrack_11271-1_jpg.rf.e04a1ac3594fe781c5081e3a1cc27bc2.jpg,images/val/DeepCrack_11271-1_jpg.rf.23eee39ec4d6da89474a04bed7d0d10e.jpg
c2cb27ea34c46207de9d0390daf154591c5fefb797d743f033aea706752c2be9,images/test/DeepCrack_11271-6_jpg.rf.06ff8355d213913787cccefd5560e9dd.jpg,images/test/DeepCrack_11271-6_jpg.rf.5a4ee32ebcc1b792009dc51fe5dfc513.jpg
4093188f350071363c675d37a5824e30d07faa03e6225e648564157780b04e78,images/test/DeepCrack_11275-3_jpg.rf.aac0e6fafc2f828c8c1ec71422b5e5b7.jpg,images/train/DeepCrack_11275-3_jpg.rf.5765f34cce254ebc0db17715569d489d.jpg
b8e19cf62e72b6469ed2664c90b2349c89d17a7f0c924df73622d86b50cd6c7c,images/test/DeepCrack_11286-1_jpg.rf.b4cb0516800aeeb290d6881e10bf2da3.jpg,images/train/DeepCrack_11286-1_jpg.rf.7c996f7c671c7371f701730e3c25e7aa.jpg
6f7463169c99a76cc77f7b156c28fcd2e82bd58f8a6867a5081342117fe87abf,images/test/DeepCrack_11289-8_jpg.rf.cf2f0dec158715c4e6224e1e0969f7ad.jpg,images/train/DeepCrack_11289-8_jpg.rf.cca90ab3b3389c02ecbb3375ca4fe2f9.jpg
cce0259b2089d78438b9f0c2e6b5b193c2dd850b4a2af90b886c7f9908d2c482,images/test/DeepCrack_11296-17_jpg.rf.c1653ed377d5a6e965946ee222eaf5ab.jpg,images/train/DeepCrack_11296-17_jpg.rf.6d69c56402dd32575430871584f6c6dd.jpg
0f663958db215e6e1469173d5bad27683e76cde500a7451e955d89330ce5bbc6,images/test/DeepCrack_11296-21_jpg.rf.49af0a8400af4678c91dd1714224e8c8.jpg,images/train/DeepCrack_11296-21_jpg.rf.596d8825232cd13cd91347087f1df0b2.jpg
bfb7499f3ee9dae322317982b6b204c779bfd47d0cfe1a2810964417fd82b21b,images/test/DeepCrack_11296-8_jpg.rf.cd0620be8ae16df50ad20286f0e3720e.jpg,images/train/DeepCrack_11296-8_jpg.rf.f5b819c5004db7d5e797b986ec658eae.jpg
c806e1cb640bd09f9579ee20fa4ce4184ab568e7466939f11c282c7a70cdecce,images/test/DeepCrack_11301-2_jpg.rf.2433801d27a0bd9c7770003ba8687041.jpg,images/train/DeepCrack_11301-2_jpg.rf.467cfce069c2359b3caf7b27aeae1d3d.jpg
703e21fc66b10ff8516fb7e51883a89238aa67902cd2ddbd110639ba398742af,images/test/DeepCrack_11301-5_jpg.rf.c77543a7a85d53dd46f7c563bd3a7118.jpg,images/train/DeepCrack_11301-5_jpg.rf.992bcdb1ff98a6fabf833299e7a9d0c3.jpg
fb92a9b888100e4b180160d9d7799f8e9ced3c3526436effcb27e008afe3b4bc,images/test/DeepCrack_11302-2_jpg.rf.990e3f4e6c5a059c253cbfa2458c5e68.jpg,images/train/DeepCrack_11302-2_jpg.rf.60d1a138a0c181c501ec3c9f75e415d2.jpg
b83558d36044e3e22593d3e85e12f1a4d35b8a126612625417b0f855c0dbf887,images/test/DeepCrack_11305-2_jpg.rf.77889a3cfca5daf6df9dd3d36bd3d957.jpg,images/train/DeepCrack_11305-2_jpg.rf.63896a2083e9b2467d322d66f6c5ced3.jpg
f9fa4e153208fcca0275f107db301063d8fa38c7c2651129929d348865f74550,images/test/DeepCrack_7Q3A9060-11_jpg.rf.f9a4b0d7f841f6fc8d815023f286f3c6.jpg,images/train/DeepCrack_7Q3A9060-11_jpg.rf.54e48cdc6f9c98a8a4eaa422dc9f2da3.jpg
32c6699b804f169f10f47ad098fcfb92f329783a4df62b17970c4d743931500b,images/test/DeepCrack_7Q3A9060-19_jpg.rf.20def887cf87fd4eca58bb981609f112.jpg,images/train/DeepCrack_7Q3A9060-19_jpg.rf.3aa84df2a3c4f0c83029fc845fdda199.jpg
434d34dc0bfaee9f2c44260276119f7c81ff17330975248c934c0f7ef96f6270,images/test/DeepCrack_7Q3A9060-1_jpg.rf.187d0bdd90384c644d0675747fa1654a.jpg,images/val/DeepCrack_7Q3A9060-1_jpg.rf.ba4341370e78c81c0154b57f2d41a753.jpg
d6df1de5812ba425c80bc4c05e01a1ba1df544c0b51d4e181aa33f4ed9f4d833,images/test/DeepCrack_7Q3A9060-5_jpg.rf.263d6743b30616802843021cf8a4edae.jpg,images/train/DeepCrack_7Q3A9060-5_jpg.rf.70afe873243036257926c91c8f6bb670.jpg
072ac753e09ea90a17b3ef8be9b262fd512b246f6e561bd25d8331145aaf2b5b,images/test/DeepCrack_7Q3A9060-6_jpg.rf.073bc63da06852ce99e45f033c887e34.jpg,images/test/DeepCrack_7Q3A9060-6_jpg.rf.55bd0a479dd2c9c66d33be7c7b254a80.jpg
70159077f04bbb6c7983ef50f5832ec8768f91382ef763dc05cc5f6de2e80e81,images/test/DeepCrack_7Q3A9064-11_jpg.rf.1f3ea490d6f9e08a85d077c1c3506fa7.jpg,images/train/DeepCrack_7Q3A9064-11_jpg.rf.84cd8dd2c38a31da954f9d15fb3b9e02.jpg
9db7c3d80add39f09d807d7763d27f7b3564e07995fe6b2337310c4c2377e129,images/test/DeepCrack_7Q3A9064-14_jpg.rf.8a885b27c79378d3106186fa6593440a.jpg,images/train/DeepCrack_7Q3A9064-14_jpg.rf.be86f37aee49312e94841c2ab9f3c225.jpg
2bb582b212c0af4e4e60d1c5e7c75058193c4939ade56eb3818d87cd4466e5a9,images/test/DeepCrack_7Q3A9064-2_jpg.rf.1e663ddddd1bce06894032d888bcbbac.jpg,images/train/DeepCrack_7Q3A9064-2_jpg.rf.0f95d6a22fa7f9e116a3c23ec7d65023.jpg
a4d0a18a7b3149600c9a883edef3feccf8e66b1b4d967cda7fafe114d95ec712,images/test/DeepCrack_IMG_6469-3_jpg.rf.0a217554d25e594b559e494fd5af0bb2.jpg,images/train/DeepCrack_IMG_6469-3_jpg.rf.8917dc9dbb21db343bcd11cf722c3764.jpg
8eae9ad8de3e2d73070e1c066dff610704eb3f01a5a3f07db5aaaf8bd7972333,images/test/DeepCrack_IMG_6469-6_jpg.rf.c18ab55b8c16873aa024974a9db7c2a6.jpg,images/train/DeepCrack_IMG_6469-6_jpg.rf.0fcb15b7f0d17ee539aabbdd88492cdb.jpg
0d95188e63412e579e6317f495fa5aa8ce7da558a87c37bf55dac5ebb46fbee0,images/test/DeepCrack_IMG_6472-5_jpg.rf.74e0300ce87bcf158c1b1c93050379a6.jpg,images/test/DeepCrack_IMG_6472-5_jpg.rf.9034534b3d241e780df0b601d55f46f4.jpg
89b8f56ef8b39c066f4c3f8bfd512ac03192da0c61ddee0477d28b990e181dd0,images/test/DeepCrack_IMG_6472-7_jpg.rf.68805cd368c48c609d3696ba8aa38d7b.jpg,images/train/DeepCrack_IMG_6472-7_jpg.rf.079c728dea150286c60cbdbc5a1589f1.jpg
3084be7dcf55f2a5dc131a1ead0b8132e4dd9ae26145e1a61fc89656099b2d16,images/test/DeepCrack_IMG_6472-8_jpg.rf.876c4cc2464d7adcea64dcc7f62f47a3.jpg,images/test/DeepCrack_IMG_6472-8_jpg.rf.a44d2acd7b2e77ba0cb613a0594b7cb1.jpg
513f44b16c0bea5bd2922093bea8cfff32c42f89ea5ee89283c4a4ccae92d087,images/test/DeepCrack_IMG_6514-1_jpg.rf.b29853b0b6bfce3aef95322d0e6b4eb6.jpg,images/train/DeepCrack_IMG_6514-1_jpg.rf.2435413018c23c1f92345de7d3ca8507.jpg
deb523cceeaee63654cd8a1bf6e52c73ead7b4cf75ddadb0f28a83eef393b288,images/test/DeepCrack_IMG_6516-3_jpg.rf.ee2093f3631e957ce9692c4a72133174.jpg,images/train/DeepCrack_IMG_6516-3_jpg.rf.4870dbc2a46e667af076f24e9c58d062.jpg
ffc8af0b4adb261d644d6de90e12e3b660c129ba4bc2a7288aed2771c2b51e13,images/test/DeepCrack_IMG_6536-3_jpg.rf.8c5d38dc77e5967079fd623b0ef9f635.jpg,images/train/DeepCrack_IMG_6536-3_jpg.rf.e3f79078ded3e3d3f5085d7b6f8606d4.jpg
ab06d13f5bc36b7e5f32442d0168e935d45af84e7f71d90b0563b0a1b44b7741,images/test/DeepCrack_IMG_6537-2_jpg.rf.1d6d69c8282496fdc90964831df64184.jpg,images/train/DeepCrack_IMG_6537-2_jpg.rf.ec19f58bb8f6d532f02c970a9373f511.jpg
7c046c924b66df1c52d0ec8c73e7fd4100c3bb7d329d47d7d3f4cef2cff94d54,images/test/cracktree200_6207_jpg.rf.930d25007055c715fd2eddab40a1b3c9.jpg,images/train/cracktree200_6207_jpg.rf.4546173a86a508dd884efccffac68172.jpg
8bbf031e22eefd712d390a1861c9532f68e6ce8d37456cde08fbfa356c8d501c,images/test/cracktree200_6211_jpg.rf.2e8d535c2f816e7bf79f6f0a3200223b.jpg,images/train/cracktree200_6211_jpg.rf.f3672c66e2470e4361a1dc503bbcbe47.jpg
add947a3f26fbfa9a1b545271b39475c19a8a812e5a7125d6532aeb04645389e,images/test/cracktree200_6224_jpg.rf.30c9047166f3b45000417d919f612622.jpg,images/train/cracktree200_6224_jpg.rf.8b80272902f9ef0721b376b193842622.jpg
05eceabccfc161a2d764d392cdd7589f43aac9cd816e4ea5006f31574ab5b0c5,images/test/cracktree200_6257_jpg.rf.34fb1acbac9f102d43cc5821cd2ac42f.jpg,images/train/cracktree200_6257_jpg.rf.52683cebbca6e084060e9af4423d0de2.jpg
6238549e724d633bffe7369906714e5a87fa77828578841f591708d8cd4cc632,images/test/cracktree200_6279_jpg.rf.308335dfa0008b674c13d14b955a87e5.jpg,images/train/cracktree200_6279_jpg.rf.ded862e11b35e942dc56747f9e849688.jpg
b0e87af2cf6660da4a0d163cd0ec2786e9d705dcaa002827f6632c57fde02521,images/test/cracktree200_6288_jpg.rf.52c32f7ac35782d01bfe7d8aa8109bee.jpg,images/train/cracktree200_6288_jpg.rf.a39bb65cae3cb718d3087ddb3e79a779.jpg
daa79f0f82746988b50789a97a9f89dd8aeb3370269f74f83ffd84b31e471e5e,images/test/cracktree200_6306_jpg.rf.e4231ad915c4692d5414d517f264cea5.jpg,images/train/cracktree200_6306_jpg.rf.d85c656e39624ba61315793502f294d6.jpg
4cc54c634549db1a8705eda3750e60328be5e6dad67e091682599ee9c7834c53,images/test/cracktree200_6307_jpg.rf.f150706db8ed5f0b23b52b1e7dea3422.jpg,images/train/cracktree200_6307_jpg.rf.b1b65491bd121cfd500c362bc9d5c281.jpg
803cb9ded4788714d2d4b1237c165d5a752df8b5379568ed8e974628521d5650,images/test/cracktree200_6308_jpg.rf.492e983a6d6d67f481fdf57ad8494824.jpg,images/train/cracktree200_6308_jpg.rf.55380eb38de4a683baa2e2b0d02f2225.jpg
6723aae81c6aee31e310ba7e84f751b1d712181850862035f27586c3454fb448,images/test/cracktree200_6312_jpg.rf.068ddf4dffc94c75ff4fa35b847601f0.jpg,images/test/cracktree200_6312_jpg.rf.d69fb715323824268d2e8a252338b700.jpg
5f9e5ac83631c6b813977c123ac456e201387305e73de78506d07224340130a9,images/test/cracktree200_6315_jpg.rf.048b58420d02d18c468e1f68abe61706.jpg,images/val/cracktree200_6315_jpg.rf.1d0278e448880a3241a8519f7bb26a54.jpg
d9220be6379473494ab49acaa55278fc0e4e496a085f9996be2b54b3b28eda15,images/test/cracktree200_6331_jpg.rf.17b6a048a3b4be49c7959f624e7abc9c.jpg,images/train/cracktree200_6331_jpg.rf.1c53d3430eabb81105e46650ae1ca688.jpg
37a2947bde752a5fb8bb93726993519faa685c6596982a055b2a1adbee636d99,images/test/cracktree200_6356_jpg.rf.799d6876e640c81735b6316f23d1918d.jpg,images/train/cracktree200_6356_jpg.rf.93913780f3d9eeb70389666fad8f0e60.jpg
4701f6fc4e2a361913dced5158af0967aa2c054a2ca5cf957306e5b526894f98,images/test/cracktree200_6357_jpg.rf.2ac106d61b74a2911c1626f2f82fa4a4.jpg,images/train/cracktree200_6357_jpg.rf.8a21b787b746b50be3db5c1ec39715a6.jpg
976fab98c12954029b98cfd28c70a2f241ea89662135b77cd8b07a7bc769bf1b,images/test/cracktree200_6358_jpg.rf.a95d58baae6941a29c039001df1f79ca.jpg,images/val/cracktree200_6358_jpg.rf.d7e1235b4bb703fafa777c4783a1cb12.jpg
6caaecde349b3e36d3544e56477281e4750460941a38788243be9e2378795fd7,images/test/cracktree200_6664_jpg.rf.c8fab20c080a3236c2e332e2adb2d943.jpg,images/test/cracktree200_6664_jpg.rf.dc5ba9556acb83be46913b4609384aa7.jpg
f8507e8bfcb3187dcff0a48680464ed1ef9990fa4856ded7adb18768ccba6aa4,images/test/cracktree200_6675_jpg.rf.b82c2406ea76bd70c45e23c8e2615905.jpg,images/train/cracktree200_6675_jpg.rf.75f8cd6950e0a42d2d74befce63b568e.jpg
84ace0561566f53948b620cedf029bab8b3f0f23c990d71191c65f75de6090ba,images/test/cracktree200_6712_jpg.rf.ab10b5d6922cf4cb764f48e5ea5e90e7.jpg,images/train/cracktree200_6712_jpg.rf.be5593e434c8d43264016a6e5b8d95da.jpg
ae4cd67975426428ae79b968f3a10ce871819dbbae5da0b08ee9c68e814370b4,images/test/cracktree200_6717_jpg.rf.47963f9c97bfbb01ca8473573759cc08.jpg,images/train/cracktree200_6717_jpg.rf.ef56801af8be2b5f6e360bf812bf542a.jpg
13a1d41921b4ba16076b2c76139e5893f31e6f3c3b38bdb3e4f42641f43fb9c3,images/test/cracktree200_6723_jpg.rf.cc8d2976563957942aa867ed802b3dd7.jpg,images/train/cracktree200_6723_jpg.rf.540c28e3b8d367f5d9fc1c83704ba61f.jpg
ce5ef8bdb756c422075ee248876d809ddecf00078780cabec6a741aa4de63b90,images/test/cracktree200_6726_jpg.rf.948592e8f079e4e5ae8b6f44c7e86b4a.jpg,images/train/cracktree200_6726_jpg.rf.7efc297bd3a3a6ad840ad17169bab9ac.jpg
78c9a6037027846842be0b74b13d764cb02d5141ae066d364b9201980ea7368f,images/test/cracktree200_6732_jpg.rf.d9a2f045fa5d205ffc2ae8a5333e68ed.jpg,images/train/cracktree200_6732_jpg.rf.683538f9d6854348c199e2318e509b85.jpg
0b5700bb76166f0bb8d503d561e201463d3daea67a1dccd9ed2568f928a7f4c2,images/test/cracktree200_6733_jpg.rf.53f0eb20016d7a01d8434bdd081af0eb.jpg,images/test/cracktree200_6733_jpg.rf.e8e9fe4238887c5e92b71de3c905cb2b.jpg
cdeb5876dc17f6ab044d0ada98a6d72b46b6b571644069dd695afe631fcbe98d,images/test/cracktree200_6741_jpg.rf.48224c228545133469cc612ed7f79844.jpg,images/train/cracktree200_6741_jpg.rf.2f6c70b9c50c329f5723a286ca6c353b.jpg
75ff24235f48298d432e74189f744fc0ee88a330f6fa1f36a5bb851888241191,images/test/forest_080_jpg.rf.04c7b09ff0cb0fd884ace65f082abf4b.jpg,images/val/CFD_080_jpg.rf.f84a72a4d965f5bf35f7b9023502960f.jpg
50a650cd460f14dacbe055a2c1ea61ec247f74b4a57dd90de8c1d3ac4a010c5b,images/test/img-405_jpg.rf.e4cf06d1f814caa013e1c76f42a67293.jpg,images/train/img-405_jpg.rf.1893348dc79b8b0ee6fa8b44124cb21c.jpg
359ceb52ed622cb83c213e4d6a2b1dff71ee233cff663f74ce88e73a4be84d08,images/test/img-413_jpg.rf.1b0257a2ea8a0718ef849c75b07d837c.jpg,images/train/img-413_jpg.rf.e93eba123ff5ba32e3eaa9a73d126165.jpg
18513f049ccf68400dd9bb7da112768996e2e228ccfa2e63a01f18a1d53b5cea,images/test/img-415_jpg.rf.79f721ea96c0c1189732f443d0268fce.jpg,images/val/img-415_jpg.rf.6f51eb9c77abc855d95ae4310b5319a3.jpg
c48c4db8b2a1a10c0f3bcbc00a34797d1124ae425e36affed5c3f0d0c48141c6,images/test/img-418_jpg.rf.c790775be047f296e5aa387e0a53d101.jpg,images/train/img-418_jpg.rf.973d9517786bc1d2bb59efff6346d62e.jpg
21b46417d2608ceb92ac217383376e8c9356b1b79d544e29addf997e51471e1c,images/test/img-421_jpg.rf.0d1c5758fafc6fc71d859feb707851d4.jpg,images/train/img-421_jpg.rf.8b74ed10b0f5e8518a6252479618e796.jpg
07c89ec7e93c984bde28045a7c5545bd3dc9c35a05586056882f34d7a03a32c3,images/test/img-421_jpg.rf.cb27e1ddf011a19892a0bf031c60146c.jpg,images/val/img-421_jpg.rf.fac3e53f20bd051beed18205dd4fa2b1.jpg
977786ad60a2e66ab9d141a3526aaf633da1ec552f927681eb00ac14a986e716,images/train/CFD_001_jpg.rf.e797c304323d470269d81b8c4d6e67f2.jpg,images/val/forest_001_jpg.rf.f50a17ad012df9b8051e5438a85a6125.jpg
4e2fbb8eeb24e5ca1f7fcbb9990a0255a4e7d799ae97db2205d07520ff34fe92,images/train/CFD_002_jpg.rf.8ebe79eab361804d3b43d14d5defaa57.jpg,images/train/CFD_002_jpg.rf.d544b6cb96f9c37909799112a0cadff0.jpg
695eeeabc21b96cda535370bb14afea72ce674b9b392feb8c098fd69371283d2,images/train/CFD_003_jpg.rf.352235fc2e2ae67f1aa95bc562abc996.jpg,images/train/CFD_003_jpg.rf.624f4e4af7c4a1e6fb98cc5bb70a208c.jpg
2214a26ae5259f3a379012c157f99026dced883531d072b8c854a7923b6bb7b2,images/train/CFD_004_jpg.rf.6d02082c7762fd9ce80c666732b5e174.jpg,images/train/CFD_004_jpg.rf.cb1fffabcecddb6bf52ffc53a58d1007.jpg
c5ecd6b6e7ba80d79c98318d2599e0fc75cadbc6b982b67e204178dbe575d69a,images/train/CFD_007_jpg.rf.462cf25c407af3ce0e5bc5218ea5823d.jpg,images/train/forest_007_jpg.rf.81240bd7b7c337bb849aff1e5ce023b4.jpg
cf3263e15c55c62e2fc6e00a32b45b0573d8b3ca872d26c89576243fd4c23392,images/train/CFD_010_jpg.rf.608876c0564e9a127214d038e62b9219.jpg,images/train/CFD_010_jpg.rf.6e691aa9fe479da34477e41dadc20be7.jpg
12658ab1955d4848335d10b09441714b84fb577770dbc6a8957d7bf0fb278b5a,images/train/CFD_011_jpg.rf.bb2a9af7032201e08399688a0f86a5b2.jpg,images/train/forest_011_jpg.rf.9ef7d8c08b187ece6ccecb65f46f8d64.jpg
0b364dcfa5bebc9825982c92eb6931b01cc9ffab1d3c2d65b218126fb1187ae2,images/train/CFD_012_jpg.rf.44d54c3761bae86c78247740eed99e20.jpg,images/train/CFD_012_jpg.rf.51a4a90b76be19c100922d544c0a7394.jpg
15e4cfcf672b8588ba264d480734f53af234871d99c32e1b890996222fcf5777,images/train/CFD_013_jpg.rf.82529c63ec42461b3b7e3af13b8d4532.jpg,images/train/forest_013_jpg.rf.bf0ccdf633ac9c046641e0155e31c3bb.jpg
6fd90c0ef0e892ff8740c7138851c58edd16c21ed31c1d9d4beb44b2d68d7d41,images/train/CFD_014_jpg.rf.5a01972c679cebb6b01cae3d4e8b9fee.jpg,images/train/forest_014_jpg.rf.5e28b582594e127d5bf5bb69778900aa.jpg
b54547569928bc7ba780c52e19f36fb26f28d7991666f55550f807f01ea36fe5,images/train/CFD_017_jpg.rf.70594cbdb760334ff99ac00687d21e27.jpg,images/train/CFD_017_jpg.rf.ed0c7b9f3ebcba0440a7cc057ecd3a68.jpg
3e149b5ce6222d21a06ddd4a8c135962ec3172ca612b89bba48f64b6621fbe48,images/train/CFD_020_jpg.rf.df83aea274b385f77a4b05a28d2d4215.jpg,images/val/CFD_020_jpg.rf.c34bc55338f3e2beedec5728cc2e4fa7.jpg
a2658ae615ab0e07333f7edb9e160eeee7f20aaf325a7a9405cd66dc508699cb,images/train/CFD_029_jpg.rf.d003fbd22cc439174d286fc42654e155.jpg,images/val/CFD_029_jpg.rf.6d0a14fd5c46fe2cf74745109552e450.jpg
f132f7c47a07dc3444f9d6ac60ff3e62e9da2ab52e2e512c0fb776f2e020143e,images/train/CFD_032_jpg.rf.308cdb7b5609c713fd265a6fbcf5861e.jpg,images/train/CFD_032_jpg.rf.ad49485528b7a4d03f0bb5161d61f2ba.jpg
983c47f09dda7c38650332e1a3d657ab7825510aaea49dcab47bc199594d96be,images/train/CFD_034_jpg.rf.ca23d18f311613fb571c36ec7623bcd3.jpg,images/val/CFD_034_jpg.rf.c6aac15e5c4ef65534a4b6c83602823a.jpg
6b93ef1f416fe46a697235ba663492e067fd7d119eb9cdf3fc4087b6efca35f0,images/train/CFD_040_jpg.rf.a15e258351617cf7413f74f9c2a73529.jpg,images/train/forest_040_jpg.rf.daa01fc63c686c22ef878a403d9514c7.jpg
bfec437de0d620b8cd92be1c8ee0ed44c32c1d6e7c3ed2f2912a8b140b4a5fdf,images/train/CFD_044_jpg.rf.18f7b5a22f4877ec0eb6afd93651431d.jpg,images/train/CFD_044_jpg.rf.29ca163e6912fab56672e674d9d272ce.jpg
0e9179da539abd95c7f73918383159149cc72ee0f38d4d216e75c7b3f1f8fba5,images/train/CFD_045_jpg.rf.85360bdcca9c99a2c38a7336a079e421.jpg,images/train/CFD_045_jpg.rf.d6a28c4c9c7c2bcc32acd199e7848d3e.jpg
94e53d3934c29acd45b2e450454d467befdfb9ff0f4e823e72c84b2421af5c9e,images/train/CFD_046_jpg.rf.3379c1482f10732f5c4cb4e3a941ae5d.jpg,images/val/CFD_046_jpg.rf.ed2f8d629bf076ef4e499422f56d9385.jpg
10ee7ea1e6eccbbca770de6e66d94d64ca27f452d34b8800cdc92bbedc312869,images/train/CFD_047_jpg.rf.26a913cf524fae2a3c0c19d76f6560a3.jpg,images/train/forest_047_jpg.rf.5ffb8a9f824c27a5450982d70c6efa71.jpg
8361474a99606c774d27eda37251046513dd370c1ad31127fa8124293e0812c1,images/train/CFD_055_jpg.rf.400b6f821abef3421fa33cdcff806d6e.jpg,images/train/CFD_055_jpg.rf.63420d569fe63e2663af98146931d1aa.jpg
d3a945ada52ea3957fe83e8bc8d155ad2132dbcf9519c2da681e718518172000,images/train/CFD_059_jpg.rf.88b238e335157d2ad5bba00eb02b189f.jpg,images/val/CFD_059_jpg.rf.98cf68993a5910bd6a09647c0ab82aee.jpg
77016b1863374368059dff57e8a1f5a55ad21d577882938fc1856398fc32df2e,images/train/CFD_062_jpg.rf.795177890299466c7fcb316aec87652f.jpg,images/train/CFD_062_jpg.rf.eb9149ae480b23837299bce152396eef.jpg
aa3f1e864b9f8cb622ec0af956a9424c3855cb73278d233908e3602900e1d8ea,images/train/CFD_068_jpg.rf.83a4454f39b714100e65b9d95ef1af11.jpg,images/train/CFD_068_jpg.rf.df9e2c2eedf45bfc51d70bdd8eb3c9ad.jpg
e7bb0b0f087eb19d1b49ec0bc88f951d4ce28d87cd060f06ba468ff2dd21c457,images/train/CFD_070_jpg.rf.aedf6e7d294df20c1ad96f303a2fb6d4.jpg,images/val/forest_070_jpg.rf.3743f4bb6def4d683e3b952be313d4c9.jpg
dfce523d81db35efa8fffafb8c5af877a8429768ebc96401524696721b65bc2a,images/train/CFD_078_jpg.rf.043348e7e3ac89e1f6f6bd73fe0ab6ea.jpg,images/train/CFD_078_jpg.rf.be07a9be820e323c77924f37f6fc0060.jpg
5c9f1554353ead6e2d78544caf4f32d7c7c7077cb54fbf97aa72c191904b53ea,images/train/CFD_084_jpg.rf.432599b8092881179936c50ee91d46ab.jpg,images/train/forest_084_jpg.rf.b1153bd0311f023854b274e19084d124.jpg
7c7e19ef6971c430e2cfad570ff7a0ce686c94d3eb8d6688250fd675428cc1d8,images/train/CFD_087_jpg.rf.b24235d1985c4782c3453f6ead90453c.jpg,images/train/CFD_087_jpg.rf.fd39f3545173641bb694ec16f36b0139.jpg
629862425ed7744f0f01b1f7254c616fb90b2ec7235f1b9100926ad6ee104160,images/train/CFD_098_jpg.rf.83c360ffc4a187a987395f70e20e3063.jpg,images/train/CFD_098_jpg.rf.b75e0a87b4636e1e068153a710aacf99.jpg
6d21f333cfa52bc282818f02e2f1560027996e7d8a0eb16440958b5ca5f6ff19,images/train/CFD_103_jpg.rf.8758fe3061d88392c97dba4d60984ffc.jpg,images/train/CFD_103_jpg.rf.b8d968eeb2ddcd2372aea4339a14a8f2.jpg
684081a125da254cf5004c97911ae82ab6bc064812a597541cf5345ca4325bdd,images/train/CFD_106_jpg.rf.9d2a5c4394a22e2c9095b99b360bc607.jpg,images/train/CFD_106_jpg.rf.d678d9a64c86d732c896ebf20c3dde9b.jpg
897254877cad89e8ed489d276734323cf23ae3cdea897f08fae3ee0774c6ae3c,images/train/CFD_111_jpg.rf.ec85f57ccda2d81472678e7fe29991a4.jpg,images/train/forest_111_jpg.rf.1a7cfc94502b49143e166130dda8f856.jpg
5c8f96f30ed2c52144d49b31fce948387a5503dc167eaa3fe824ce1ded6549b7,images/train/CFD_113_jpg.rf.92f5f3d896bc68a2e8a002c8a143a96e.jpg,images/train/CFD_113_jpg.rf.c3a9fa9c849a5a646bbf1b97a64f3a57.jpg
e3859a7de6c8ae1b10520e54b7fad1aa28b308212be648160f605623cf040e66,images/train/CFD_117_jpg.rf.68fbcf3ffecc40bad33700313988c27a.jpg,images/val/CFD_117_jpg.rf.a25850d202f5f35621ee0a71cb2ba74c.jpg
3b856ec0b1d980e617be609ced28da8b69ec66e0ef19342e4a5dd9e1aa198831,images/train/CRACK500_20160222_080933_361_1921_jpg.rf.656a16c2d6f0153e8034a1a8a14f7e55.jpg,images/val/CRACK500_20160222_080933_361_1921_jpg.rf.991195ec5ab72fbcebf890e47874ae9a.jpg
a4d3c1baab59225a3aec0014444c5a4ff2e2cea456a767c3832b11ada15f3918,images/train/CRACK500_20160222_081011_1921_721_jpg.rf.02485b84f02acf1ebe044bf8af4c4a4f.jpg,images/train/CRACK500_20160222_081011_1921_721_jpg.rf.40ee254f22aedfe9667ba97887f05666.jpg
f68727c2ef19ce6e0d17bc8dfc0ac5e201c96a26b0b1d8e39271a44e0cbe40f0,images/train/CRACK500_20160222_081011_1_721_jpg.rf.1294c38ae25770fd648141c7f3c99055.jpg,images/val/CRACK500_20160222_081011_1_721_jpg.rf.fdee5df01d64a5ef10f222f4b8ea74a2.jpg
d592a4d929b87e3b203f28d34c1dcbc9d6175d66d5c8818f3d574e1cfa3faf54,images/train/CRACK500_20160222_081011_641_721_jpg.rf.16a308e414cfc871ac68448ae8b25987.jpg,images/val/CRACK500_20160222_081011_641_721_jpg.rf.3df3e8253580cf4c9f209bb1d091869a.jpg
643940cf3d272adc646eab5bbcca873848c7d9c087a4f96f360a6ee39f6114fe,images/train/CRACK500_20160222_081031_1921_721_jpg.rf.5321c8a067882156f73d2518808a8a01.jpg,images/train/CRACK500_20160222_081031_1921_721_jpg.rf.fd8713b36f966e2d1bafb05e45599657.jpg
fd10c516c1c21f32619d1279f40029ae938ea6039d8f8c7c0dd9fef811776cea,images/train/CRACK500_20160222_081102_1281_721_jpg.rf.04410171c6b4c09765f5442439e2881e.jpg,images/train/CRACK500_20160222_081102_1281_721_jpg.rf.341534f5e240e6b1b8c6fc9e355eeaae.jpg
89241ef06a41b617eabe1c06a38790fd9468995ca8fe75ab7a2a33ac7e529464,images/train/CRACK500_20160222_081102_1921_1081_jpg.rf.6197dc3d3de9117280a55d22a726bf6f.jpg,images/train/CRACK500_20160222_081102_1921_1081_jpg.rf.8d0e681321be9f62676e48c0f7bd17df.jpg
f5c0ec28789c798a6c429da10f4c1fcc10033528326d4c9b85a0fe55afeb1d30,images/train/CRACK500_20160222_081111_1921_721_jpg.rf.1d1cf44ff8c693ea5dc0b9ae991e179e.jpg,images/train/CRACK500_20160222_081111_1921_721_jpg.rf.b7db9850d72853edc4c02b03544e97ec.jpg
1a0f4b946df8d78c153f40fd29fe2e8e5246856435642c0337fa17bef4fccdda,images/train/CRACK500_20160222_081113_641_721_jpg.rf.2c53e2f055890e1576332274ba7763bc.jpg,images/train/CRACK500_20160222_081113_641_721_jpg.rf.39ece1506ef8bb180acb35b4fa205c42.jpg
cbc0e62350ff46c00bd0c05e929fb50501459b634372976f092514c6ed605438,images/train/CRACK500_20160222_081839_1281_1081_jpg.rf.bcc8b464e0284e39d5906e092e66b9e6.jpg,images/train/CRACK500_20160222_081839_1281_1081_jpg.rf.f729705da18874a643b6e088d80f18c4.jpg
6d3f29dc352a2a2f51b45455b15b31b4944ee5710b399ca319ad15566ed50de9,images/train/CRACK500_20160222_081839_1281_721_jpg.rf.0c6c6eaf40889cce90b4f6c7eccd2e7a.jpg,images/train/CRACK500_20160222_081839_1281_721_jpg.rf.c26cf2074952d80e31eeeb948bc32505.jpg
df6d2e8099f40d0047c9e9fec1d0d811932409f5b7a01ca1b2152397d0956640,images/train/CRACK500_20160222_081908_1281_1081_jpg.rf.2543f0216911d5da7c36543a16fcf727.jpg,images/train/CRACK500_20160222_081908_1281_1081_jpg.rf.840ee7281392181ea2ee53121d61daf7.jpg
915046045c5f5d7f62a77e28d3b97c5087e782c6d1e8c4e275ef9ce9d42fa747,images/train/CRACK500_20160222_081908_1281_1_jpg.rf.eb676b4e395e496e839f71465b975f8f.jpg,images/val/CRACK500_20160222_081908_1281_1_jpg.rf.95e69ae3add7eb79eb21600b0735b0db.jpg
48ebf80f0a228f2ae2361d2a98cccb38eaf6a52cb5c29a861222ea4df2cfb076,images/train/CRACK500_20160222_081908_1281_721_jpg.rf.3878147446e9ffdb681547fc33a583ae.jpg,images/train/CRACK500_20160222_081908_1281_721_jpg.rf.e5ca8a33bd421d37525e33e56e27ea5d.jpg
47d48fc119943c47ff58b9c13f2c4bf1d1877e4368e6abdbc1edded7c131aa5b,images/train/CRACK500_20160222_081908_1_1081_jpg.rf.82446a9f5076530c915132c52635beb5.jpg,images/train/CRACK500_20160222_081908_1_1081_jpg.rf.9a13b98980daccd3006e668eccb679e5.jpg
0c2236064eb122b10eb5bbce5394cfce5aa3f9b325b37e9dacaefc2619639724,images/train/CRACK500_20160222_081908_641_361_jpg.rf.39631476fc39918d558b93741dd98aaf.jpg,images/train/CRACK500_20160222_081908_641_361_jpg.rf.8164dedddfec964b19a3477d5aaf8d5b.jpg
de96f9c28179057678d8891212196e14e8f99a34a4902b08df8fd068bc97f992,images/train/CRACK500_20160222_082414_1281_361_jpg.rf.5987c65936550011c68b54f55fc7c2f6.jpg,images/train/CRACK500_20160222_082414_1281_361_jpg.rf.b30567cab998ef7295af451792dc1ce6.jpg
2e88134258ff3e2049b2cfb392e30e9473ba0b0d02de1b525a792effe44b91c0,images/train/CRACK500_20160222_082414_1_361_jpg.rf.183a2f174f6359e36fc9db4da10f55d0.jpg,images/train/CRACK500_20160222_082414_1_361_jpg.rf.5ab12155576240545f0a80f681c6b03d.jpg
fee121940161f60570305abb1dfc0831a9d02f09879a5098923846fbdce988ab,images/train/CRACK500_20160222_082414_641_361_jpg.rf.9aba9365795cbe849692ec1a38639349.jpg,images/val/CRACK500_20160222_082414_641_361_jpg.rf.6d140fcf9dac8b3577812e0158b2e409.jpg
9054ac0187f56e1ca81cb7ac3cc46ef1a46c0dbf1fca9363d51bac280138318d,images/train/CRACK500_20160222_114759_1921_1_jpg.rf.6f8471a23bc9447703aef1f23a4be423.jpg,images/train/CRACK500_20160222_114759_1921_1_jpg.rf.cac19b051094adc55c68412a0760a03b.jpg
c8bc588bd24539f1c2e54de87e1fab2b82e91aeb39401ee3b5bf327a6faa2c67,images/train/CRACK500_20160222_114759_1_1081_jpg.rf.058bb39b2ed9852663aad3cad2ea87d7.jpg,images/val/CRACK500_20160222_114759_1_1081_jpg.rf.31a6d4fa30ea9519be0c1f4c97310584.jpg
f516b1502adfdcafa17401157110e91f814be67a1cd59335f016316b7078fed5,images/train/CRACK500_20160222_114759_641_721_jpg.rf.7cfc699a03f7c2359f0ee3623148bcf2.jpg,images/train/CRACK500_20160222_114759_641_721_jpg.rf.a7a375ebb113a9a78295eebf210ade17.jpg
e2da7e0ff92cc7d7f0bb7c36cbdb33d70a238f3ff265ea80bade8d2dc357270d,images/train/CRACK500_20160222_114806_1281_1081_jpg.rf.767664e47a3b71adfa7fef2ee4e76a25.jpg,images/train/CRACK500_20160222_114806_1281_1081_jpg.rf.c36b3cd4d317cafe4feedc3d4a7cd361.jpg
f8cb681a5c384e9d81d1aaed4bffc2830d8df6494d086e1241e08438beb3a85f,images/train/CRACK500_20160222_114806_1281_361_jpg.rf.37494ec3bed5908cccf9a03341781124.jpg,images/val/CRACK500_20160222_114806_1281_361_jpg.rf.cd2249ef416566bc3ef5cac3e2773434.jpg
91fb503c1adc20962dcdb83f0be29d8cebec9340db203cfe7b81cbb5f08daff9,images/train/CRACK500_20160222_115219_641_361_jpg.rf.5f5916f25634b98c4cc223216f07457e.jpg,images/train/CRACK500_20160222_115219_641_361_jpg.rf.afa9f832bf2877e4427c090ae88860c1.jpg
b9fa1d1634507acf410d120648691f3662b4ba8274c718a8ac09308fe500740c,images/train/CRACK500_20160222_115224_1281_1_jpg.rf.4c358e3d499d8e816482aef1e8004dd4.jpg,images/train/CRACK500_20160222_115224_1281_1_jpg.rf.d81d9acc3388999d49662e281b9cff2b.jpg
7136040ab1dbb9397e9db2e905015847ddce5eb94a8268ed85fc3a304b0b14f2,images/train/CRACK500_20160222_115224_1921_1081_jpg.rf.4c4c82678c93741bfa193f46bfb78a3d.jpg,images/train/CRACK500_20160222_115224_1921_1081_jpg.rf.81454a2ba6b65b8fac417c1047ed8821.jpg
998797d3cc93c2b725435710d10e8f53537c14ec38e27571bb917812bfdb3ea6,images/train/CRACK500_20160222_115224_641_361_jpg.rf.e7a1aec1cc0c6a2b513ed5d82794eff5.jpg,images/train/CRACK500_20160222_115224_641_361_jpg.rf.ef5d8d9ad373368c79ef9e919200b745.jpg
d9980a29ea660ec5beb04d95298d96fc80ec941399f32dcf7ee3efa5dce62f01,images/train/CRACK500_20160222_115224_641_721_jpg.rf.74e5df0778943b6add26edfbd053b5e3.jpg,images/val/CRACK500_20160222_115224_641_721_jpg.rf.40cf361c0be053b9459b2782d3a240bf.jpg
412dae639583abd715e37e6dfd3d197479831724fada8991e0a64a31c7e0e5d7,images/train/CRACK500_20160222_115233_1_361_jpg.rf.8bc2954fe18e1e7a4a63040449e89baa.jpg,images/train/CRACK500_20160222_115233_1_361_jpg.rf.dd91a55d1a26b3eba96483539b93b554.jpg
7e7dd32a4fc4899efd6eba9b2c7bae5051b3810e6b476bc1ff73b5b4cb11bb2a,images/train/CRACK500_20160222_163930_641_1_jpg.rf.57c64ac21355570e6f54eca14160e394.jpg,images/train/CRACK500_20160222_163930_641_1_jpg.rf.71b02704a985de18f60e5e844bb947fc.jpg
fc1281a61592224ace7a4534fcfdbcf8721a726631b65de6bf401d897b964e63,images/train/CRACK500_20160222_165937_1281_361_jpg.rf.1396f1914101f03f02b1d11588a98929.jpg,images/train/CRACK500_20160222_165937_1281_361_jpg.rf.65d7d1695c201b3a12fbbd2b3030e9d0.jpg
911137bbad851b8c19638a396a0ddc330017afa40b88b3c18e1e0b9a83e7564c,images/train/CRACK500_20160222_165937_1281_721_jpg.rf.1520086434685ad8fe36d0ef5e002f39.jpg,images/train/CRACK500_20160222_165937_1281_721_jpg.rf.50d2546a8394afee34add95a32f5ccc2.jpg
1d901ee3010908bc93fdb78ac3a94e197df820722573582de6f49b0b8da8dbae,images/train/CRACK500_20160222_165937_1_361_jpg.rf.2ab2447a062fde3a26e13a8fc2123b4b.jpg,images/val/CRACK500_20160222_165937_1_361_jpg.rf.006fa457a512b7556610122c8941937e.jpg
e669a2381ceaca92d745e221f603b6a56cd6f9f15220dff928f274ad198d6c31,images/train/CRACK500_20160222_165947_641_1_jpg.rf.7ee24ce4d76af6ff222cddbff58fc528.jpg,images/val/CRACK500_20160222_165947_641_1_jpg.rf.4966c6e77383c34c5e1c5bba2256ae17.jpg
c053cc7c2c76a2222f396c77fb9c99b02519b7e7f87aa655986d101f878db5e9,images/train/CRACK500_20160222_165951_1281_1081_jpg.rf.554e581c146675b22a7866481c6aac78.jpg,images/train/CRACK500_20160222_165951_1281_1081_jpg.rf.742bda9a21165d1e3902121eb2e84549.jpg
0b0cf5f57c1ed8735babbbb3637bd245bf1cdf7f95d366221341d1e7b1a68fde,images/train/CRACK500_20160222_165951_1281_721_jpg.rf.7e989c09c78d4772b70dec8ba1602612.jpg,images/train/CRACK500_20160222_165951_1281_721_jpg.rf.c101bb018acce4baa6ea61a054d04163.jpg
d5713110afd6e43cfbda97b274f91f5070d840578491a6a83596272e8f1fc354,images/train/CRACK500_20160222_165951_1921_361_jpg.rf.78794ad3b6d3db67ff68d39e24689f33.jpg,images/train/CRACK500_20160222_165951_1921_361_jpg.rf.a4f004ed159a8b7fe4523c80d01e4d13.jpg
6caf69551a41802f2acbf08e42e4987ca353f1fd025644aff8dc3c5b3edcfdb3,images/train/CRACK500_20160222_165951_1_1_jpg.rf.02110a9229592acd0a009a05f4d9df5c.jpg,images/train/CRACK500_20160222_165951_1_1_jpg.rf.3fbf89194c261e77f648a00a25384a51.jpg
96dc5a002e53b6d89efaf947692a6ed1522d55cbaa7490f5c52c5f49a4deefb1,images/train/CRACK500_20160225_114514_1081_641_jpg.rf.308f8e668c2ee7ed593e5f8fe7bf1de1.jpg,images/train/CRACK500_20160225_114514_1081_641_jpg.rf.83fa03bfabf92137ca5ed0e7f5562ed7.jpg
f53c51996a30ce9b17a02ce7c340dcf20ef81087dd77551e86e45766bbad2bda,images/train/CRACK500_20160225_114514_1_1281_jpg.rf.30d8ceeb7ffb630adcd4af552732fe0f.jpg,images/train/CRACK500_20160225_114514_1_1281_jpg.rf.421e45b824eae284983d1ad5f4f6042c.jpg
e449288f7981b365459a2cde2605c5f9b0c68a9d22df6537f9348be7c7fb0db9,images/train/CRACK500_20160225_114514_361_641_jpg.rf.0e431f3099e8b706da74476e351338de.jpg,images/val/CRACK500_20160225_114514_361_641_jpg.rf.110bb49a9b1a41253c62e378c91829bf.jpg
5a65ae42efbf857f9382004881da25bbfd75c7fa9187904c5aeaa193478e2931,images/train/CRACK500_20160225_114514_721_1_jpg.rf.b8049960eb3a8558581d112d7094abd5.jpg,images/val/CRACK500_20160225_114514_721_1_jpg.rf.d4f4069149970b96e3871063d85dc8d7.jpg
b07c912033483ccc77d4d27b840181ca61ab85ff74062d8222a719ca46f9ab4c,images/train/CRACK500_20160225_114531_1281_361_jpg.rf.91df988448a3b7e8881c05d3a39e7ca7.jpg,images/train/CRACK500_20160225_114531_1281_361_jpg.rf.c712f81d3ad31786a5b3e8d4295049f7.jpg
b28803edffee140ef2de6d63a5b16d821ac0d7512c9b9db9706c3edd44f89a6c,images/train/CRACK500_20160225_114531_1281_721_jpg.rf.28108836547c6d9fc53459961b7545bc.jpg,images/train/CRACK500_20160225_114531_1281_721_jpg.rf.774216025dbd443dfb825cafc9c73aff.jpg
76ff9f5bc9329dcddb63d7b8a15e1b885f1a0d891803285bb37afb4be327fe7d,images/train/CRACK500_20160225_114531_641_1_jpg.rf.409084aea9c236f61a8dbc97a22bb147.jpg,images/train/CRACK500_20160225_114531_641_1_jpg.rf.5778c0cb5b5a6e8e8083b8c43d2388d4.jpg
07f091891a092e14a761ad87af6e755133689c6799f4cead1aa5cd50ff9a120d,images/train/CRACK500_20160225_114531_641_361_jpg.rf.21975a3dffdc6d25173c7a8cf3918fec.jpg,images/train/CRACK500_20160225_114531_641_361_jpg.rf.ad2aa741367589fb6bfa2d1a26957946.jpg
61818f035897b0b631c562dd597fff1f37cb16236598b4c6b78e1f4ebe20184a,images/train/CRACK500_20160225_114535_1281_1_jpg.rf.710c892def75f545dcf66ee80151ea23.jpg,images/train/CRACK500_20160225_114535_1281_1_jpg.rf.bc8f78309620d3ed560f06fadb036211.jpg
79f26c065f9e4d57eef15ed1c10ea76c5ec7bbc3b1035f773ea122075d930b11,images/train/CRACK500_20160225_114535_1281_721_jpg.rf.34041e341e5cb0a7e007a5d7f1af4976.jpg,images/val/CRACK500_20160225_114535_1281_721_jpg.rf.cc19d8f0026e96c78686148722c383b5.jpg
5ee4b0fdb6222da7f1ae64f1c5fc7203e1623c78555895a5a5d9239aa8533e81,images/train/CRACK500_20160225_114535_641_1_jpg.rf.2ac6af71eaca0a13117cad7d9ff56210.jpg,images/train/CRACK500_20160225_114535_641_1_jpg.rf.680bae4e8b3106546a28c029292c495f.jpg
a34c48320b1e766a220c485334989c044944d6fbb0bcb04f64259252cd2b14e4,images/train/CRACK500_20160302_155914_361_1281_jpg.rf.76a3abd6e5a885707ea5f8eeb26b1313.jpg,images/val/CRACK500_20160302_155914_361_1281_jpg.rf.ae62a474474ba602dd89b1f67376d340.jpg
c53a103d8f09cd7a0fc83a6108381fcb1b382394bfdeb53c0ddde6ec17444ea8,images/train/CRACK500_20160302_155925_641_721_jpg.rf.567fc06eba024049de23e4b0fbdeefa0.jpg,images/train/CRACK500_20160302_155925_641_721_jpg.rf.62236f9dfd9bab7f20ac407a34464acd.jpg
5c4128bc44841bd6ff6d56955b7b0893a0fe2867b8fe152b240f6b196f602e06,images/train/CRACK500_20160303_091825_1_1_jpg.rf.334445f5f2e08e1475eb83e33b818eca.jpg,images/train/CRACK500_20160303_091825_1_1_jpg.rf.d477a5f291d2dfc7de4c16dad56bc1dd.jpg
785b9ff3be3d4cc865aa2d66641c8349aae1417841f8a2a8f29afc10e7c52f6d,images/train/CRACK500_20160303_091825_641_721_jpg.rf.c31b6149f2f2ae66d8b39618434fbbc1.jpg,images/val/CRACK500_20160303_091825_641_721_jpg.rf.ca56ddade17cfd97b53ab7a76eba6f1b.jpg
c6364edaf3a3e91dfd9b69f93557358f24ebac39688d2f2ac04e8607f9497b21,images/train/CRACK500_20160303_091837_361_641_jpg.rf.78942635204a8df334d295be374da644.jpg,images/train/CRACK500_20160303_091837_361_641_jpg.rf.9990cdd85832246cca25988fa0d31154.jpg
ab31cc7ab6e09c6291e386c9ec15384053878ce0ae5a324df68641d809a5caf5,images/train/CRACK500_20160303_091837_721_1281_jpg.rf.0dcefe343e4c63175b91b521157c146a.jpg,images/train/CRACK500_20160303_091837_721_1281_jpg.rf.cb03b392d64e6e229b424fac207ed1cf.jpg
4a2279f588b86e9ae4250ceb7e914fe055c6e55fbe728d0dea1a11e5e7ee5115,images/train/CRACK500_20160303_091837_721_1_jpg.rf.a2eac6ec6cc718f71605c86acb2247fc.jpg,images/val/CRACK500_20160303_091837_721_1_jpg.rf.11f6d8e9b837d966093bfa306ecb2f50.jpg
a721c0123e368a504d8305036227e615476a4511685cc7b245fa8945f43a819d,images/train/CRACK500_20160303_092627_1281_361_jpg.rf.53a8d74c0d6cad1f01f3a0745b63df59.jpg,images/train/CRACK500_20160303_092627_1281_361_jpg.rf.96d8ed20d9b4e8d169e4364a4347ad09.jpg
7c48bc507b44a45ff6693262e7bd690198804f50eba2c359c6efc30b1af4f925,images/train/CRACK500_20160303_092627_1_361_jpg.rf.779f435c0bd76a729abe8ef40b6b9196.jpg,images/val/CRACK500_20160303_092627_1_361_jpg.rf.e3418400c27e0ab17b8d258e7251993b.jpg
362c3a4e6930d26e9adf514e0ffe5b8dacdfc758ab02e2222682dcd364c09d19,images/train/CRACK500_20160303_092627_641_361_jpg.rf.ebfcb6c9705da2ffc8cc7023f0243c72.jpg,images/train/CRACK500_20160303_092627_641_361_jpg.rf.fd6ec8fffb9919adb3e9b9b4b743021a.jpg
6b246fd36771bac8e46ecf9ce5ca3f8da5155d7b7cc08ce55d4295ee9b206403,images/train/CRACK500_20160303_092806_1281_1_jpg.rf.912795dc72356aed2bafab12c64ae117.jpg,images/train/CRACK500_20160303_092806_1281_1_jpg.rf.f6712fa2e65a589cd6ef96d6dcc5c730.jpg
273117971a6edc34a91d1ed1a9b82d3bbf57b5954a6394639d94b3a0891ebacc,images/train/CRACK500_20160303_092806_1281_361_jpg.rf.2661eba451d526463a98ada86f079500.jpg,images/train/CRACK500_20160303_092806_1281_361_jpg.rf.ca776b0ec88a21415a600c0e54798908.jpg
109b7c3b717b96456a01eb44ce66abc037bf860c3e1f3858c70b30dd4aea33f7,images/train/CRACK500_20160303_092806_641_361_jpg.rf.319d21eb1bcc22fb9454561241adcbd2.jpg,images/train/CRACK500_20160303_092806_641_361_jpg.rf.8168506e10f158d3192b059e964946fe.jpg
9e5609182d590a2a5639f8a8dc60d1b1ef2a7203248e470463910d4810fe2412,images/train/CRACK500_20160303_092806_641_721_jpg.rf.404e34d3e19cb2d8e86e78943753b6b4.jpg,images/train/CRACK500_20160303_092806_641_721_jpg.rf.70961102ea76a44a5417ffb989c0b793.jpg
f4a602d334e70580501b4c76559af791ae4e32806a977ca70c2dfcda4f446ddd,images/train/CRACK500_20160306_103632_641_1_jpg.rf.148f392ff908ddc1fcc68f2cc4349f08.jpg,images/train/CRACK500_20160306_103632_641_1_jpg.rf.eabfe76900e06e6f489562e837f3a453.jpg
b26dcee715a2b8d98d928a27d88e0b861e6e31a769ebe5456657e27317ed2381,images/train/CRACK500_20160306_104456_641_1081_jpg.rf.472aee45622a60baf34fe30b59822ace.jpg,images/train/CRACK500_20160306_104456_641_1081_jpg.rf.d2b54ca282415f20abb4bf8e58164b6a.jpg
d55e3cbe223ad691896a98d7ab74cd02980f71777902087e6bd1f59eba867383,images/train/CRACK500_20160307_144842_1281_361_jpg.rf.217a0e69b7fe625d9deb1d3dc86761ab.jpg,images/val/CRACK500_20160307_144842_1281_361_jpg.rf.fbb03979eeaa3edb65ce6c543b49ee75.jpg
970df69e6d592e3749e84ea37983d2af5e6115ee1dec9389aa32534a9e176f5f,images/train/CRACK500_20160307_144842_641_1_jpg.rf.463e9f76a7ba7fb84a70949f96cdd63d.jpg,images/train/CRACK500_20160307_144842_641_1_jpg.rf.921c003d1592ac8c117603bd15a5a459.jpg
441b363e3226a4731f544826aff04032ee015c830b1fadabfba5feab1aadf5eb,images/train/CRACK500_20160307_144924_1921_361_jpg.rf.f72d3b6e7de59f8f1b547b0c75edb079.jpg,images/val/CRACK500_20160307_144924_1921_361_jpg.rf.769f2d24334cc36e1d4f880a7c36f55e.jpg
c495989513b8efd9c3b1de29fa854f1dccc689118e3c629288ab78edaf083e0b,images/train/CRACK500_20160307_145059_641_721_jpg.rf.3c688ff32f2c1d69fca4df9ddbca458f.jpg,images/train/CRACK500_20160307_145059_641_721_jpg.rf.916dea30c4737fda724b26575c14199f.jpg
618810b37620e23d7c8e35b5fe51c0f97de609bd6bb7a801a24bcc7b4f65969b,images/train/CRACK500_20160307_164143_1281_721_jpg.rf.15e0756b5158f0909408fd5ae0b09d56.jpg,images/train/CRACK500_20160307_164143_1281_721_jpg.rf.31e0998f342b5b6ccbf1cbe163673295.jpg
e58160984b7557a8096b8fb14df6dc235f60cb78c4faa3baed09a37514544766,images/train/CRACK500_20160307_164226_1281_721_jpg.rf.59fde9390c9b6b3582f661f09d903c1a.jpg,images/train/CRACK500_20160307_164226_1281_721_jpg.rf.f23c799ab441d0e8cf3a3ba580c6dd56.jpg
663b091729ffd6ff5b340aba4ca4010843c773cf5e42a4401c53250a9f48435a,images/train/CRACK500_20160308_072831_1921_721_jpg.rf.26a3f97c65bcd28321911837c32763a3.jpg,images/train/CRACK500_20160308_072831_1921_721_jpg.rf.897f7dea245607ce8e34c4d271568546.jpg
11e83d535e3b287b01f929ff7e315e6be26d33a66b4a512629ecf7b22f50e50b,images/train/CRACK500_20160308_155731_641_721_jpg.rf.3849c38d0658d8aed5d4febcde68c6a4.jpg,images/train/CRACK500_20160308_155731_641_721_jpg.rf.5bed62e6958a6817aceb1defd2930ef9.jpg
8b55ebe1ccda7801296f075caab1d6ba74d7e82216afece78ea54a8bef12daec,images/train/CRACK500_20160316_142027_1281_361_jpg.rf.9bcf1fd18dc226b5fb670b9908634186.jpg,images/val/CRACK500_20160316_142027_1281_361_jpg.rf.b0fe10bbe42ed9e14eaa31ac55b128bf.jpg
e0267c6aca556d7eba61fd8a4a4c581a9724f0901e607d5e37cb3b5bee56536f,images/train/CRACK500_20160316_142223_361_641_jpg.rf.8d14d8946cb93a8a9b339bbb60593639.jpg,images/train/CRACK500_20160316_142223_361_641_jpg.rf.b3faaef906e1fb660fb5605103c47f83.jpg
aca53b0fa08e9bae540ef113b86da55fb7d802ef3d5ea2203b7b6e4b26589511,images/train/CRACK500_20160316_142449_1281_721_jpg.rf.ab2bfba233b011fe7aff93cde2e89a92.jpg,images/train/CRACK500_20160316_142449_1281_721_jpg.rf.c2555e94353b567c76bf4de57648f123.jpg
894735dd8906f24d01b7295034606adc7b38e0c4f811308da90987539cc44e69,images/train/CRACK500_20160316_143433_1281_721_jpg.rf.2811e93fcf83cdeb6c75f923098b0aef.jpg,images/train/CRACK500_20160316_143433_1281_721_jpg.rf.e7ae33722da18c9fc5cc77983e1a2d4c.jpg
d67496622922cbd99e945612b9226128cae3d06cd89452fcb4f9a0deee7bdd4e,images/train/CRACK500_20160316_143433_1921_721_jpg.rf.885ee58cb652623a519ed2460f2b9827.jpg,images/train/CRACK500_20160316_143433_1921_721_jpg.rf.ff0c0ab489f4a0ba9bdafdbbd442e7da.jpg
b3b98215de5c87c43b83c9167d644bb4901a5e4f4cb7c08644d4d7594b6cbb57,images/train/CRACK500_20160316_143629_1_721_jpg.rf.51370ffbf0fb9cfb942967598de3af24.jpg,images/val/CRACK500_20160316_143629_1_721_jpg.rf.45a50d27bf5e65e3177c0bcb900e062e.jpg
9bea51201b119953f0aa69f2fd0746fb9ea0730aad51dc655bfa21cffad677f8,images/train/CRACK500_20160321_185534_641_361_jpg.rf.05777600cd18f0ca5ccb4f4984bea27c.jpg,images/train/CRACK500_20160321_185534_641_361_jpg.rf.ba692f789828116ab920c55b49193469.jpg
7ecdc28ba98092d6f8de2db906efedcf3b6bba2d115f7e0dd7312c3b076ed3e4,images/train/CRACK500_20160325_185829_641_1081_jpg.rf.0473c683a81646090dd678b3dd828be2.jpg,images/val/CRACK500_20160325_185829_641_1081_jpg.rf.e4a910fa242a3c3dacece53981dafd33.jpg
17a95b87f182891c8abc9079a673ac0c4fdd7f15d1cefafdaf571c63312b78e2,images/train/CRACK500_20160326_141808_1281_1_jpg.rf.4104b27916cf272117e87f25f04b0aaa.jpg,images/train/CRACK500_20160326_141808_1281_1_jpg.rf.428d3a552210596caca13387724bef34.jpg
5fabc36ac8dd6fbf57dac31fc638aa5f15295afcd9774e437b063d9a0865c596,images/train/CRACK500_20160326_142521_641_1081_jpg.rf.1e8ce781da35a5ef3274a8c5a2d4702c.jpg,images/train/CRACK500_20160326_142521_641_1081_jpg.rf.f3b8e5266bba7ff29087f8e007d79e43.jpg
4cac264eb63d3637db863229b9da507cc6bfdd2f899aa8c8dc7a0512261af407,images/train/CRACK500_20160328_150821_1921_361_jpg.rf.3420a2b41fb14166c02690d3d998decc.jpg,images/train/CRACK500_20160328_150821_1921_361_jpg.rf.bd5ddbf4e83dbd887f9b109ed0476941.jpg
3ec4d710d1b602460172e2d9ae46fcd1ccf2a7b88e4575706d14216eeaf1f527,images/train/CRACK500_20160328_150827_641_361_jpg.rf.aafe1d82591d5bddb112fea81a9933a3.jpg,images/val/CRACK500_20160328_150827_641_361_jpg.rf.e97b1a811c9c53f1a9aff84c092d921a.jpg
cdd5e5589d36d59f6520729573d35cab3a2c35c9cfb08abe86f3973a07e7d657,images/train/CRACK500_20160328_150932_641_721_jpg.rf.8462f914acb1e602ab431db19da3b873.jpg,images/train/CRACK500_20160328_150932_641_721_jpg.rf.d672dca533266767b49a080add9a6e1d.jpg
cc50d8befaa07962502741a52d8553bf5ac5b6ec3afac3d52f530dbd7e1e28d5,images/train/CRACK500_20160328_151027_641_1081_jpg.rf.b2cfccfa3a4ced43642d0922f1e4b320.jpg,images/train/CRACK500_20160328_151027_641_1081_jpg.rf.bed0e89e55d68e2b1b0e332fbaa34ba1.jpg
d8862bf2abd52bd4350e898024c8dbcb373b2efcc3267b11b1eb60d324d7fef1,images/train/CRACK500_20160328_151027_641_721_jpg.rf.551c26eef8d4f7fdb69045db236f3444.jpg,images/train/CRACK500_20160328_151027_641_721_jpg.rf.ca830249f58097640b745981982408b7.jpg
e1150e4c5e7949c301eee57367a7d3162895fa59d860d88c6ed0f63a0d4acfc8,images/train/CRACK500_20160328_151151_1281_1081_jpg.rf.0fbca6b3edce0f63e4cfd2039fba069d.jpg,images/train/CRACK500_20160328_151151_1281_1081_jpg.rf.b6856d5c276dd5e653f208d8238d85eb.jpg
6cedb1e705980ef17e24e9552f431a3ccd25a04b6ae288a223d5f460d66da63d,images/train/CRACK500_20160328_151212_1281_721_jpg.rf.0c2dccad475d70247a9122df85c70251.jpg,images/val/CRACK500_20160328_151212_1281_721_jpg.rf.6bbc5bcd022488614656e17419348556.jpg
2364e2780f69f5e4a0007096111299b353fd7f76b39bfd97ed0fb023ef4686af,images/train/CRACK500_20160328_151212_641_721_jpg.rf.8476b02ebced5f7b5dcdeafe6ae323c4.jpg,images/train/CRACK500_20160328_151212_641_721_jpg.rf.ff93020613513b71483efb1ffcaa3354.jpg
27ae144820acc56335865d2a63b992aec864f929c55aecab6740c64467cef535,images/train/CRACK500_20160328_151252_1281_361_jpg.rf.d339131772db1cdfee1e24d6132f6c19.jpg,images/val/CRACK500_20160328_151252_1281_361_jpg.rf.f7cb5002dbcca6f9e1850c113ff25687.jpg
d33dfa863364c44402e901b5f60174a060f7f1d146c4710b5c53c8a09d0a8c31,images/train/CRACK500_20160328_151355_1921_1_jpg.rf.bebb465ab07d3d3c3349dde328eb6aea.jpg,images/train/CRACK500_20160328_151355_1921_1_jpg.rf.ce500225ac61d585639e914131eaf744.jpg
655f2ef32bbc1d803d975f9f6fb69667c236503985a47226a237f62c34756d9a,images/train/CRACK500_20160328_151402_641_1_jpg.rf.616fadf9462c8e610480902c8af32553.jpg,images/train/CRACK500_20160328_151402_641_1_jpg.rf.9a2e4e6ca6488a44499d6758a874bc69.jpg
039a69be9f08a5c7a25e5e28f2c212a6e5843f297d818c5570ff36322a4eaf41,images/train/CRACK500_20160328_151728_641_361_jpg.rf.4136dc9c9a74331f9522c37b1dfa5a30.jpg,images/train/CRACK500_20160328_151728_641_361_jpg.rf.98dcfa76feccd928e79b2ddeb7872639.jpg
eef591189a74f76e76876061bd20967785ecf84d8025c7a028930a633304c88a,images/train/CRACK500_20160328_151808_1_721_jpg.rf.47fec177ff6b1c8fab6b1718e1e14856.jpg,images/train/CRACK500_20160328_151808_1_721_jpg.rf.71661aa03ce1ee03e272ed13dde57aa8.jpg
91f7d35d6615839fedb5b339a2b06689209e765a00764efb95195e5208b670b0,images/train/CRACK500_20160328_151945_1_721_jpg.rf.2e67c00260c8ee61d4572c085e76270b.jpg,images/val/CRACK500_20160328_151945_1_721_jpg.rf.6856db4f8a0da9e973543970b16043fd.jpg
9609535ab4c3d13ed2515892bd13eb8d1059045843c92fbf6b156fe07bbb359b,images/train/DeepCrack_11203_jpg.rf.00784f0bce9a0d17a250dc3247812cc1.jpg,images/train/DeepCrack_11203_jpg.rf.f6a5de6e8fdee6bc7c013dcd827aea2f.jpg
539011eaeb56cb8a15867d90ebb97f8d1238d0c496a0376448f84de1f77a978c,images/train/DeepCrack_11236-2_jpg.rf.7750fad2e563f66d465c9d0296a1fbc6.jpg,images/train/DeepCrack_11236-2_jpg.rf.9028c61488c4710655b3c4d80d9b49f8.jpg
a182fc22278118cfdf70c41ba13540803c444546eb6be269b6db7093ecb8c172,images/train/DeepCrack_11236-5_jpg.rf.22c509ede02b1014a4bfe16def2d10c1.jpg,images/train/DeepCrack_11236-5_jpg.rf.cda7d54dcc04c5886abb7824a2b3c445.jpg
5d1a9c3ea6cef69cb89ed143a77d65da97ad270378b253ba189e68b90c0e7c5b,images/train/DeepCrack_11236-7_jpg.rf.34df4357a9a0a8a52aec0ed7147504da.jpg,images/val/DeepCrack_11236-7_jpg.rf.f339461bca78b87e07a065e7a9c61ff1.jpg
22f9df57bd076a1e4f428a6e106af013aaa12d40d3e4b5783541a10ac129fc49,images/train/DeepCrack_11239-3_jpg.rf.78736b9418fc770ff49f98a9a05ac45d.jpg,images/train/DeepCrack_11239-3_jpg.rf.fd69e9dfc78dd3675b80b5a20f28a834.jpg
c4567695418fae5edc1d17a3b68d62153b384c9673a7a6f4e7743543384b5110,images/train/DeepCrack_11240-1_jpg.rf.40af49e3ba33b09de707ce8e6de3484d.jpg,images/train/DeepCrack_11240-1_jpg.rf.f73a0da96daf84e52ae6f48f90d10906.jpg
eb129e0ba0c47988d9464fb02de492c07ad1354dfdc45d5a2a086d34e97d82eb,images/train/DeepCrack_11240-4_jpg.rf.5c942a03d46bae714841a85c2d26e952.jpg,images/train/DeepCrack_11240-4_jpg.rf.db98bb88a937a95fb7bf631b5310eb48.jpg
8d4581f7a612441ac217334cc1a6a7e7d7a9960235a72df1a7800c79663b1b7e,images/train/DeepCrack_11240-5_jpg.rf.10ce4d68f31a400498a8e45f074ee2cc.jpg,images/val/DeepCrack_11240-5_jpg.rf.c759e797609e9703cc24fbe70266c8b3.jpg
63000607855d5f0c6a913db8f14ec7edde703df47ad13f1423b676573dcc8901,images/train/DeepCrack_11248-1_jpg.rf.35503bb1726fbf7d621bbbb647043a24.jpg,images/train/DeepCrack_11248-1_jpg.rf.a8c2c147c69308658341150a2ffd2d97.jpg
c3e1841f26f8c1ffa7b1daf05b57a8f6b5faa5bccb7a5d677e94d25533698a82,images/train/DeepCrack_11248-2_jpg.rf.78ce49a80b1c95c2a881dc9d0dffff4b.jpg,images/train/DeepCrack_11248-2_jpg.rf.ac0bd61bdd3ec7592276751cf9f4eb10.jpg
801e516530af97ae65cdc519c62489ee38612e5fff80f3b579e420c3f5e46633,images/train/DeepCrack_11248-3_jpg.rf.2f7b7275189a1343d138467332ae9fa8.jpg,images/train/DeepCrack_11248-3_jpg.rf.6dd04ff1819afaafc8bfeffdbc32728a.jpg
6612b27620ca1c048dced57fecb63ee4f45431c16891838330058b4f81bfaccf,images/train/DeepCrack_11249-6_jpg.rf.08c3bdee24b2d5409ac7a77f91f22e27.jpg,images/train/DeepCrack_11249-6_jpg.rf.0e09fc052dbf887ac66373b5f90e0a35.jpg
dbafb4cefabacd852124ca71d237387fcb401accfd6ae5ea8e90023bd3e540c1,images/train/DeepCrack_11258-1_jpg.rf.4e16eb5bfb8e74e3c4d7cef40ae883b3.jpg,images/train/DeepCrack_11258-1_jpg.rf.611b0c2554dad9ea9182dc05351325cc.jpg
8246a34425e70214dec95805d1b138427c7568abc0c9d8526cb799b6022d2211,images/train/DeepCrack_11266-1_jpg.rf.243eb2dcfa553cb92abc7984dd823341.jpg,images/train/DeepCrack_11266-1_jpg.rf.e9d8b9dfe6b9634e93a57b0dcae53a45.jpg
deb8933d0ded67209956ef3d1a69d38d94a9e5c2758015e74e61346a189f9e52,images/train/DeepCrack_11266-2_jpg.rf.a0251aadfdae4e738fceabda3dbaaa00.jpg,images/train/DeepCrack_11266-2_jpg.rf.b794d8114e173128707b126c91cf038e.jpg
54459f9a8071e1c201f2c03b993828f78bdc26aa2bd6ccbe14556560e76c79cd,images/train/DeepCrack_11266-5_jpg.rf.2301d8b216837a1783a44a7a88122033.jpg,images/train/DeepCrack_11266-5_jpg.rf.81803880d59ec58440008790cb841b74.jpg
dff8cbacd2f64e3a4992ed72a316e45f0be77c4d8b16e65fd4363ad83ef0ece3,images/train/DeepCrack_11269-3_jpg.rf.1c42bf45acad7207b44992db9b5ad97c.jpg,images/train/DeepCrack_11269-3_jpg.rf.36201845c229223669658c75e5a33d50.jpg
b171de48019eaa626c1f908068d0682150ac39e5f94482dd3a2fb8e507e37f07,images/train/DeepCrack_11269-6_jpg.rf.13f03d82e1688b9374b81668f278c978.jpg,images/train/DeepCrack_11269-6_jpg.rf.42e88f0f5d13c0064d782e19ff48116b.jpg
3d55a6910e2f230c3f64cf77164a2256cb3df59f64748f4951fd21e57872c932,images/train/DeepCrack_11271-3_jpg.rf.459647bc3033145b9479e8ce25f8345d.jpg,images/val/DeepCrack_11271-3_jpg.rf.33b6a5014207f620f1999c8e9e55a6e6.jpg
ee0a2ce3b6903ff627bc608655410a4cccd8d0d24614cf781a5ffc6b168c4c2f,images/train/DeepCrack_11275-1_jpg.rf.20e5c899c7c24a723060c4c7c4d31baf.jpg,images/train/DeepCrack_11275-1_jpg.rf.ae00ae2ab618658e94851c108d1b5b7c.jpg
0e7acb7558d5648d349b18503ab43eea22031d2869cb5de37318c5cb3bc52f5e,images/train/DeepCrack_11276-1_jpg.rf.4918af65cfa92645592a8c32eb62c274.jpg,images/train/DeepCrack_11276-1_jpg.rf.8d9606e611992f94fe2d3920f4dc6892.jpg
324702b1af037fb4df0dec29446194d34becac4cac1011c1b67f10bebbc72f8e,images/train/DeepCrack_11286-3_jpg.rf.5db1f7667e811ba00bd9299af4ae9760.jpg,images/train/DeepCrack_11286-3_jpg.rf.6e15ea3102b229d1ce8831e6ab5c72f4.jpg
504c9bc47f9f45805d764807e6bf37d547262dddba4fae596e8d31bfd97041d0,images/train/DeepCrack_11289-11_jpg.rf.0498f292893f31e73ec253dfb04f9113.jpg,images/train/DeepCrack_11289-11_jpg.rf.3df7c37078763a4dfe4ce320e6094472.jpg
a57e0b2a779e9c3e63f72f0f0e90cdbd74b2dbf580c9d83287059e884cf24b15,images/train/DeepCrack_11289-1_jpg.rf.1d0f605ef4d3d7288ea99e6bc7b708d1.jpg,images/train/DeepCrack_11289-1_jpg.rf.fdc6bc8d265671fd8e75e9a60f1ec59f.jpg
74e4621bf1f38c4db9c2ea90ce6d3d25dac1942df25f13bf5b49ed7966de5748,images/train/DeepCrack_11289-7_jpg.rf.5791ed30ef97886c2ff50c9b82b395cd.jpg,images/train/DeepCrack_11289-7_jpg.rf.c6e950335cc82b13e492e5a3d054eddb.jpg
72364d19ac4b8e2eeed87a50d43f5fa6409aa9bed8eb1cac88a3087371e42bec,images/train/DeepCrack_11295_jpg.rf.a664072a887bd90642d1b85803af11f2.jpg,images/train/DeepCrack_11295_jpg.rf.bc0c411a37f58df3f02b5022302e0a44.jpg
dc7c0e753be47fa1c7f502c8b9b289aa296e166b590dccc83f79a2c65a0e838c,images/train/DeepCrack_11296-10_jpg.rf.8725a3ebc55da486e8d23a751cdbc01f.jpg,images/train/DeepCrack_11296-10_jpg.rf.ced348438a1d8797f834062728d55a92.jpg
6177ef1ee4af2ea4c077efa69ac9513f056163947af08a2cd3e7fcf19edce948,images/train/DeepCrack_11296-15_jpg.rf.421bca21cc44d6c9206820f0ca3a099d.jpg,images/train/DeepCrack_11296-15_jpg.rf.ac99eae7fd5c4a909422ab50e184be6b.jpg
38ab1ae8906c9f266fda6af646a408993003a2dd09b91b8f6fffe38c879a3720,images/train/DeepCrack_11296-16_jpg.rf.1b323fc567fbbf9028d1a13e4703a9c6.jpg,images/val/DeepCrack_11296-16_jpg.rf.2bb6c6a469aa3a1b696b1831c695c592.jpg
1f2413297f578c50acb6cf2041b4a84a4677d0acbdf858dfcb81506c509603ca,images/train/DeepCrack_11296-23_jpg.rf.811337d1f65dd6de56771e91056f0942.jpg,images/train/DeepCrack_11296-23_jpg.rf.90d4a6e355c00500c7a4fdd358a2dac3.jpg
dbfac6c420e7c4a3c39a3976b525b8eaebb874e6d076cd4f80d66b0ce14bd13d,images/train/DeepCrack_11301-1_jpg.rf.a5ec44929c637456ec9bc5384a475a57.jpg,images/train/DeepCrack_11301-1_jpg.rf.c22a07b12cbb9a2b991780434b3f1026.jpg
f183d36832f6f66dab877bc29071a1f4ce77d21092cc7851ca116e4d578d061d,images/train/DeepCrack_11301-3_jpg.rf.46f78e68ca604b4f12ca6dca0adb6fc5.jpg,images/val/DeepCrack_11301-3_jpg.rf.671e0f96fe24f2907c1c7046103681c6.jpg
8d5cc5b58fb8c6e27dfaa63d8c5e536f832fcccd712bcc7f8c83711969c7ac64,images/train/DeepCrack_11305-1_jpg.rf.377cf9291184a64138f523735c0a7e41.jpg,images/train/DeepCrack_11305-1_jpg.rf.5cdfa4d10d4d1771a8f09f8db24ed78a.jpg
07a19188bc69899e1cc177707542d4987740a17667e5de3aa380cc23a6e9fa17,images/train/DeepCrack_11308-2_jpg.rf.298567b3509b688f4f55706b013a0e82.jpg,images/train/DeepCrack_11308-2_jpg.rf.688681cd39f57a1b80ef50e42cfb53bb.jpg
820763190573c9e47f599cc5618f2780226fa29448a9c8ed118978173d9d309a,images/train/DeepCrack_7Q3A9060-13_jpg.rf.a2d7978e84b285d4c6b995b6c803c100.jpg,images/val/DeepCrack_7Q3A9060-13_jpg.rf.b0a16b78041455a29d05ac8ec5d2a327.jpg
24ae97bd2ac98221732249121ac1756a4b9939fa31ed1646fe067e5f3689c207,images/train/DeepCrack_7Q3A9060-20_jpg.rf.0de11cfa607792352acc08e11c523659.jpg,images/val/DeepCrack_7Q3A9060-20_jpg.rf.0860c932c0fbe973ff12b9d1d66a036d.jpg
b4be246817cb82a4c0e67b308866df882d2da2d5cdce8f3d420787b825e4df77,images/train/DeepCrack_7Q3A9060-2_jpg.rf.708ed73e40838c75ed65c4f223908eb1.jpg,images/train/DeepCrack_7Q3A9060-2_jpg.rf.bb4d7d6667b8644fa12e249ffefe7644.jpg
c04b5f8413494d84a5893b2d4eaade7a71d3267e41b3b26882f360aef00c0261,images/train/DeepCrack_7Q3A9060-7_jpg.rf.acb8bee60491c874847c14dcc184a631.jpg,images/val/DeepCrack_7Q3A9060-7_jpg.rf.08ba4a7041d3ac8b69241c090dc2c101.jpg
aa0c48dea778aa86ad20ec4821eaa6993b51cd8bf69910ee4afbe8c438a959d5,images/train/DeepCrack_7Q3A9060-8_jpg.rf.4fd63fc5fb45bc5d905ab5e60307d8f4.jpg,images/train/DeepCrack_7Q3A9060-8_jpg.rf.89c58de1a650c375f7285004142f55e8.jpg
04abd0e90ffb646ac02b710d839a32edf078b7b36a4517afc63258b8634c5604,images/train/DeepCrack_7Q3A9064-10_jpg.rf.80c124be564eb9aa00449e32c0aaeae0.jpg,images/train/DeepCrack_7Q3A9064-10_jpg.rf.a0758ab710f671274cacb8b695871466.jpg
a18be4e70955cf1d2faef1ef303b704f7b47651b4ea54960a1f9dd7f72440841,images/train/DeepCrack_7Q3A9064-13_jpg.rf.8d668e7ba74046a81ffeef52725d61da.jpg,images/val/DeepCrack_7Q3A9064-13_jpg.rf.854f432eb9cfc023dcd757223ddd2e8c.jpg
e4d0648c57591216fc5ba71fd5c41be76b19dea4b4b1a00658b3e6939ad4fea7,images/train/DeepCrack_7Q3A9064-16_jpg.rf.b2f4e33fdd646aa2cceb310c03d64258.jpg,images/train/DeepCrack_7Q3A9064-16_jpg.rf.fcd140884e56910744ea11e1d96df3ae.jpg
c49ef47f2817e2b6432e8df05edfd36277d25b2def64c54252940dcff81d553a,images/train/DeepCrack_7Q3A9064-18_jpg.rf.27ba48b7171960dafd6f0267c76ae819.jpg,images/train/DeepCrack_7Q3A9064-18_jpg.rf.cdc680a1446c04f90608636335ba9646.jpg
36d7f83806c1254b94cfe988c78bebba12c7aa4c92fc21134371b0e8099f5b33,images/train/DeepCrack_7Q3A9064-1_jpg.rf.88f4f6289987616c841e67003ace1846.jpg,images/train/DeepCrack_7Q3A9064-1_jpg.rf.c01010a0597cc3b766ec5536028a0d5e.jpg
ece100f15cc932e1038f662a38629beb896e16b628122aa5e1476ecb44285c07,images/train/DeepCrack_7Q3A9064-3_jpg.rf.6db6f974c459561467a812ee3b045c8f.jpg,images/train/DeepCrack_7Q3A9064-3_jpg.rf.f1225b4ba40284f0c7f9cb76c2c0dcf9.jpg
3ff8b35e025fd00691ea58f3e28ee26599ea11a5bf192813fbf22d490d604859,images/train/DeepCrack_7Q3A9064-5_jpg.rf.6fe3d1587ee5500265f5888e1134fc2c.jpg,images/train/DeepCrack_7Q3A9064-5_jpg.rf.732145a2eda801f551f99e634586c7b2.jpg
b7e42d460947415e09ec0b65ec9a0e014e236230eeac166425fa9901199ea2de,images/train/DeepCrack_7Q3A9064-7_jpg.rf.103b77a82ebb102163b551288b149070.jpg,images/train/DeepCrack_7Q3A9064-7_jpg.rf.a04eb10c6cf141b51551c7ef9c38e6d0.jpg
fa2d714e9e8a697b2a1d292e766df50210509c385d0750963a01a274489fc888,images/train/DeepCrack_7Q3A9064-8_jpg.rf.183ef4b6c6a698589d44b91ee0b8a371.jpg,images/train/DeepCrack_7Q3A9064-8_jpg.rf.d2253f1cff73d4d1abb30751366b93e7.jpg
334636118aa240c593192fc342a5fc486629dc42d9e25975093efab3be6eb99b,images/train/DeepCrack_7Q3A9064-9_jpg.rf.2d110bf921bb92b90ee2f038fb24571b.jpg,images/train/DeepCrack_7Q3A9064-9_jpg.rf.a44343732f62257843fc814b992248e0.jpg
55f4064bf95d46d02ac66fba8455c058dfe5b1fda3aa84abf518e5e124b73dca,images/train/DeepCrack_IMG_5776-1_jpg.rf.2e477dde0a8d88f922ecf74398207335.jpg,images/train/DeepCrack_IMG_5776-1_jpg.rf.f58a98889be8dc23cff1ef49f45b52d4.jpg
3bc7d76c09f8497580824d5bade911956c4f46d2911ebf8d7a90d5af6bcc1a4d,images/train/DeepCrack_IMG_5776-2_jpg.rf.576e25e769415021f3151ab6ca1afaa2.jpg,images/val/DeepCrack_IMG_5776-2_jpg.rf.5e33bf0512cd5c096d1e333b9a9d5a51.jpg
548bbb5b51cdfc73c646feb7f7be89e90ec0effc19a9979b4e3db1fcb68fff0d,images/train/DeepCrack_IMG_5778-1_jpg.rf.719b5b7678a09c3c2b815eefb7b46adc.jpg,images/train/DeepCrack_IMG_5778-1_jpg.rf.dba890797a324596841649030bb42581.jpg
58f03e46caeabacc9ab1cd9ac72fd35940007ea13e9438dd7f77d37883d4d0b9,images/train/DeepCrack_IMG_6469-1_jpg.rf.13f6cd743c0ed6a80025eb284537e4e1.jpg,images/train/DeepCrack_IMG_6469-1_jpg.rf.5b758a2101e5fb65928fd522db4d4c81.jpg
245bf9746c932d99993f41b81d0945adb5cd3ca80189d5dca787174be334f468,images/train/DeepCrack_IMG_6469-5_jpg.rf.1a531949e3ae6503dd20f9c9aea60b77.jpg,images/train/DeepCrack_IMG_6469-5_jpg.rf.76ff81e30ebc19b6e1627700f657fb0c.jpg
e29b7c0d390f45155316a50c7151183ffc957eac2133ef44d4ded73dc6b212c0,images/train/DeepCrack_IMG_6469-7_jpg.rf.134e90a6d0672107dd0cd1aa035b46b0.jpg,images/train/DeepCrack_IMG_6469-7_jpg.rf.e98e95b3e67b6c3b1f66857bcb75321c.jpg
6b6ef90f341c862ee220d5f27e1408cd7f968b86eba274633b4a44818def0427,images/train/DeepCrack_IMG_6516-2_jpg.rf.9bba4b742c98b06463949b1cc279dc9c.jpg,images/val/DeepCrack_IMG_6516-2_jpg.rf.af99b5426eb6e2966bd6111101c847a5.jpg
7cf5cc3f19aee63998f456a847a960ea5276b5327ae27e917188e8f8d52cc1be,images/train/DeepCrack_IMG_6526-1_jpg.rf.1537c10f0e5eaa72b427f6f86c3761c1.jpg,images/train/DeepCrack_IMG_6526-1_jpg.rf.2bee99a266696d4930063e1e370935ee.jpg
4be30ef8a461e18e178b434848f4f40a2f590eab481c3de560e498673abc5ab7,images/train/DeepCrack_IMG_6526-2_jpg.rf.175455c43ad0dde249a8cae8c62e74a9.jpg,images/val/DeepCrack_IMG_6526-2_jpg.rf.f0dc8d765e29d17a07779a152498fb84.jpg
f8faf66f45ec9367775cb586683f014a7cc1711ee22510168f032133c5efdd33,images/train/DeepCrack_IMG_6526-3_jpg.rf.b25a69a9f5662524e7987bdf8214a232.jpg,images/val/DeepCrack_IMG_6526-3_jpg.rf.598547353f46d53d90458a53386c0dfc.jpg
b147a976fd1814241d3755a941200e3f658a3d1ed092a678cc160b9a475d259a,images/train/DeepCrack_IMG_6526-4_jpg.rf.b6627362b65a7961fd0aef7ff4602b75.jpg,images/train/DeepCrack_IMG_6526-4_jpg.rf.e8a0ff0d5d3e3ea51c22488f74133261.jpg
82b4763f202da76f5854d3a5253ea0145a06947452c8fc762f494efdd7b358a1,images/train/DeepCrack_IMG_6528-3_jpg.rf.aea6c34b498c6cb1d20d6008f115da8d.jpg,images/train/DeepCrack_IMG_6528-3_jpg.rf.ec6e84d97623f5d3f83ae460a761f45e.jpg
bf0be5cd9d4dd53dc0efb501a659ef4d1545c74b62ceb02d0516df2f66ecd3ad,images/train/DeepCrack_IMG_6533-3_jpg.rf.88eb4edf90a4e64c5eebd0e1ba4fd066.jpg,images/val/DeepCrack_IMG_6533-3_jpg.rf.6b374dbc2e7e017f193ea1885168754c.jpg
860c7d7e279550394cff1e5149c92e14559f07d1a631ffb9856b8e078ff704d7,images/train/DeepCrack_IMG_6536-2_jpg.rf.ce6d7070ad7db09f90326140b439f2cb.jpg,images/val/DeepCrack_IMG_6536-2_jpg.rf.6848aa9e900f7c9e8a6d310c09586250.jpg
2b3215714f39f1c18b17799136dd5d258405017ec1578ca546432e9c256cb987,images/train/DeepCrack_IMG_6536-5_jpg.rf.1b86a5270c6763f4bde8eea6f7446e7e.jpg,images/val/DeepCrack_IMG_6536-5_jpg.rf.70ab291f2e40b1dd2361f84c1072f8e3.jpg
b6f39e14e0f09fa1bb06a0ab464f320c38d13bc02a7bb1671ab10f6d9bcd94cf,images/train/DeepCrack_IMG_6536-6_jpg.rf.7a0f143d192d8dc8a58d8f3d38be1358.jpg,images/train/DeepCrack_IMG_6536-6_jpg.rf.f4fe9124173ce96ecc45b15a26fbbba7.jpg
a3f1f8d1f220191ed6f95891dba6c098bb026bc7efe0811697fbdca9dc13c91e,images/train/cracktree200_6193_jpg.rf.06267282709ef5dfdfe3afe540d583b0.jpg,images/val/cracktree200_6193_jpg.rf.0e9ae1033e0fd2c0d599226246744929.jpg
4607ef1a40da1c76a200f2e3a6eb79b5ce6613656e8a70e22f64343d7a959614,images/train/cracktree200_6209_jpg.rf.0a5ed5d801f06c14866e38f0ee0f228d.jpg,images/train/cracktree200_6209_jpg.rf.de5b1d65aaf1fc9e7034c6c80afe6ca3.jpg
c6ea80af20d55dc5880108374895b0219d1c980599accca9758e5c0437ced7df,images/train/cracktree200_6214_jpg.rf.e8edcea274efe1b965c71994ceb35438.jpg,images/train/cracktree200_6214_jpg.rf.f261bac224386437e39b044348e43b89.jpg
bf09af2347325246fbb0d7faf55ebd9484256ae37adb90c12057b2093fba08f3,images/train/cracktree200_6217_jpg.rf.3ae00bd2f1b6cc984371e719b9883949.jpg,images/train/cracktree200_6217_jpg.rf.ced6f290f09c8068eb667a464f7cb245.jpg
2765d52aa94fcc13298bcddeded9f3536f1e8a3b25be717ffdac6bc8d2f8cb4f,images/train/cracktree200_6237_jpg.rf.8919b859d334f096149abbee92a7e6dd.jpg,images/val/cracktree200_6237_jpg.rf.9180b91adc8f3250456adc60dc8966f1.jpg
3bdcbd25ade180c048865aac2fe7982a2840484b542d9e424c58519066cfe7a2,images/train/cracktree200_6251_jpg.rf.8d43e1f5bca5dc74e0bb97b807f5a811.jpg,images/train/cracktree200_6251_jpg.rf.a4f27f9bdb812720ee6d6460ddd58e8e.jpg
2540b3b3c13546f8f6f24d5618906f38ffd40a761de47af9c4fcd5d59626bef0,images/train/cracktree200_6273_jpg.rf.2322e0cd6a4ef562f2540247930a56c8.jpg,images/train/cracktree200_6273_jpg.rf.7fb927ff8ccae3a9882c4c97cd8407bf.jpg
0d10983c9a09617a866956c8433b196e86d31f9816345d8522b2639332fa1636,images/train/cracktree200_6274_jpg.rf.4c72187cbf19c6ac3b2cb76e80970ce4.jpg,images/val/cracktree200_6274_jpg.rf.db11680e07c44f6f4ae81cc43ff9ba21.jpg
3687c2b3c2c98de080de227157f4f9f52e66eb06e681fe265b04f49b36917743,images/train/cracktree200_6282_jpg.rf.14d41af87b24a4a2fef6e0f9f46a8bea.jpg,images/val/cracktree200_6282_jpg.rf.781df7f055c4887e2977001991748dfd.jpg
0d481dc27724f4a91222dc23e62383663fac5441708c75ebfeef281d655815cd,images/train/cracktree200_6283_jpg.rf.ba1ce24831df972903cee826cd65d912.jpg,images/train/cracktree200_6283_jpg.rf.eb7bc4335037f6760a0b3835c778d563.jpg
a83da519b70d11aafbc223afed3650a79cb4d1dd06f3d2cfa2e29d47a0bbcc7a,images/train/cracktree200_6284_jpg.rf.16ae485dc52e2a6eddf70cd9d1900530.jpg,images/train/cracktree200_6284_jpg.rf.6065fb0f64b9df48ef8897523bc22422.jpg
9c19c324d01ebdab24aeaac8cbe05c00a3195f56193f0550a04a476c5e067abd,images/train/cracktree200_6286_jpg.rf.365d75af5ef3923a58442a3b1235c52d.jpg,images/train/cracktree200_6286_jpg.rf.5aa5902b27cf8a029d50b234c19ea833.jpg
b7b5d95eb6082dc3f4c016c727d4b170b7543291d603fe5d0f1e92770fedf550,images/train/cracktree200_6292_jpg.rf.ff9461a994c0d81ffae8dc3e8f4f6a08.jpg,images/val/cracktree200_6292_jpg.rf.ff226a940103ac228f47a80e1da3900a.jpg
bde016ec5e2f38f469d94278cf82b4878fa4f421d9f3b1bca90aed21067ed225,images/train/cracktree200_6302_jpg.rf.311a5907f0f2800b58d6f0c427986121.jpg,images/train/cracktree200_6302_jpg.rf.5107997e5a2388c80f85215269ee759f.jpg
3b539e50c64117e39af334be43ed98da4d05232fe50325059607ba059eefa038,images/train/cracktree200_6313_jpg.rf.c7b9118a2bc631204f24be3781860101.jpg,images/val/cracktree200_6313_jpg.rf.81fb8d27396f3433b61ea43b4c980605.jpg
0900c05580a8fdcf1f2cc0f4c184348c674c9eb535274c5889678960b3dcb9d6,images/train/cracktree200_6314_jpg.rf.33e5c148dbeb03063bb09048dfe5c186.jpg,images/train/cracktree200_6314_jpg.rf.5131cdf68e8dc6394e08b2d401bc5157.jpg
76906c7f97d3a644cc93c891752e18b45926012fdee8bf952bef33b037438590,images/train/cracktree200_6316_jpg.rf.9e54e2574054e1dd1fd55998b310d065.jpg,images/train/cracktree200_6316_jpg.rf.ae71ae6df4e54537cdd37bed09ea010f.jpg
2ef289d737740080543214ae4bc3a1bbc8fc23a06ede3d9327d2cca51d811ca9,images/train/cracktree200_6317_jpg.rf.4b9a55d4e78c4b6d0d714d2c07712a44.jpg,images/train/cracktree200_6317_jpg.rf.e79416489aa298b5951ebc0007544097.jpg
082ab363167c4f8dd74f9e84111975740c5c6d38d27b4e4657c0a65a0474793c,images/train/cracktree200_6323_jpg.rf.8c9e304adeab8dd9d097826008518ea3.jpg,images/train/cracktree200_6323_jpg.rf.c83ee576f1fcb0be5d3c0e264e7abb92.jpg
0e5bce9176f5ff8101201060706821b5524255ce10592abe7f25d4f84408d7cd,images/train/cracktree200_6324_jpg.rf.b135466e24d7dfca8322b74492ead90d.jpg,images/val/cracktree200_6324_jpg.rf.8e23919ce99e977f095d44a47b9d1784.jpg
c1a9932bd29ecf115b37cc788591d5e518eb863474cf1c5d28ecafc6b84b898c,images/train/cracktree200_6325_jpg.rf.2ca6a814eca679ed2667fcaef1e746d4.jpg,images/val/cracktree200_6325_jpg.rf.2f2efbd156612b7ca4187c48b6760756.jpg
812b7c43bcae774c025d6afab02f2a4e5a3fab1f5c958ad3d8d22d061a13362d,images/train/cracktree200_6335_jpg.rf.57743e1b8185c9d591dfb3d17c79e6de.jpg,images/train/cracktree200_6335_jpg.rf.ed997f22da578a33e7629385e6ba15a2.jpg
3bd5e00e40bf785fc724628e4e3613e263dbc9ec7107259b7b12d6d2a6e2ba3e,images/train/cracktree200_6336_jpg.rf.28b41736e707ba98dc11244c0cc88ee5.jpg,images/train/cracktree200_6336_jpg.rf.894f5241072f186669ed7cb12f7f9cb1.jpg
252e4466b046921d5e9777b56fe3c1dafeb63e98f4d31e753187d69be7143a1b,images/train/cracktree200_6353_jpg.rf.4d443f1099f7d850e90ef7ad1479db12.jpg,images/train/cracktree200_6353_jpg.rf.9c3cffc2687a9ce96a36e32e75dc8e92.jpg
8e4a455618c6a063f026f5aecabba500d228cf3c3205f7d5c9818acd661b3b63,images/train/cracktree200_6581_jpg.rf.89007219ed9d880de010debd19311bb3.jpg,images/train/cracktree200_6581_jpg.rf.a4aaebcf2b258ca6e01af9f0d7152102.jpg
d1d1df2dd561b55eb85e31965ae7d404eedf9658af9f60ebd1296d39652dbd01,images/train/cracktree200_6592_jpg.rf.11da175991478c0933e488ce20529a4a.jpg,images/train/cracktree200_6592_jpg.rf.8e30f4524c4a7368bad5160acbedcaf6.jpg
ea221d16ce6c5795687f3096514adf3a273709d5b81db7fd6fc30dd894cecbdc,images/train/cracktree200_6596_jpg.rf.880317bd2337c836e14a0d10f5d1c48f.jpg,images/val/cracktree200_6596_jpg.rf.2d33c64c5ddd1bd522a9541dadd176e4.jpg
f12ec8e50dbdccb175b421abc46fc32b79c721ffac2c846cd9303ef0dad8b3e7,images/train/cracktree200_6599_jpg.rf.b521b8df34ad0c40511a8400242dd299.jpg,images/train/cracktree200_6599_jpg.rf.f15841d0da204cac566fed60c385b617.jpg
ffceb3d94de7665dc02d1d5c5b65b5068e3379a0dc05608f67ce8577a45b15b3,images/train/cracktree200_6601_jpg.rf.c93eb4484071b27d367d63f0be21b184.jpg,images/train/cracktree200_6601_jpg.rf.e655c62ea63fb08144c1b77e4b1c4270.jpg
70b518941aa9fe158e5aa074ada3842fa40eadf66869a46192c058add8b92897,images/train/cracktree200_6609_jpg.rf.3295d042394e3aff3b6474fb36f5516a.jpg,images/val/cracktree200_6609_jpg.rf.06b58fca7e426ebc75ef24117545fed2.jpg
4706b8fd26a97cfc660ed5abdd46dbef0deb6d08cd1f9c7f73f6666652eb25cd,images/train/cracktree200_6616_jpg.rf.640ae46d07bb1278c3b379b2ad157e2e.jpg,images/val/cracktree200_6616_jpg.rf.b42251f9d272cd6de82724e99ecea613.jpg
6e8113789102a9838a3b7a905ee8c724cec3a257c6b7484a81ea3587ec9d8d39,images/train/cracktree200_6619_jpg.rf.4fe601f8c59c410b4d3034bbdbb89831.jpg,images/train/cracktree200_6619_jpg.rf.ebf04af70f890bef629547b700ee0659.jpg
fe95104e5f986e384e0c3753285b899845d0a3fe8e6e12968bbb0500e0680c5f,images/train/cracktree200_6620_jpg.rf.6329434db796a3dec862ec2fbd3d5f30.jpg,images/train/cracktree200_6620_jpg.rf.8340a03ae041103b9e6c1aad641bc33b.jpg
1a3d3d92077082f2cc979686509a2fc9a21888608511f0138a97a4b999026cdc,images/train/cracktree200_6637_jpg.rf.0ad9f8a9d5218f71a855785680c2bd8f.jpg,images/train/cracktree200_6637_jpg.rf.2bbc278e14939e5f54fff1e33e1dd899.jpg
9f4658c629fdebff979487bd80bd046afd30f4b0ce59e993b0e5c5c37122cbb8,images/train/cracktree200_6653_jpg.rf.7293317df9f0533eeb91230fd4118438.jpg,images/train/cracktree200_6653_jpg.rf.853bdd495fd1b4457e2abee5f35adcd5.jpg
9023c0a73ae5c99517880e39f7cc2da5380a4b79437ae85b41f0e32fde91d1c6,images/train/cracktree200_6659_jpg.rf.8eb2b66ce2b0e44ee022a13606d1c43f.jpg,images/val/cracktree200_6659_jpg.rf.a2858a8079c4dfda46b0bfa195315143.jpg
569d6f6279c871c26d4dee78f0832e3657991b9438afa59969c5c8f525f17c9e,images/train/cracktree200_6706_jpg.rf.0e64206c8c09a7bf5e750aabdb7c359b.jpg,images/train/cracktree200_6706_jpg.rf.6c697d8613082870ca640a59f6004aca.jpg
fb6bdc0363b9b164a9b86be20f7c29b47e9fc27b461c061eb270fb1399b8248c,images/train/cracktree200_6707_jpg.rf.a7a8d3e1a59a244270c4ba1e05594fbd.jpg,images/train/cracktree200_6707_jpg.rf.f7ff2e0f4f9de7bbeffa11df63c40d18.jpg
f94b4b659563b21b6171d6c7119255173023e9350f424f9e0a6955114b274597,images/train/cracktree200_6708_jpg.rf.6cbcaa86f82f5b850e3e7f56be58afe5.jpg,images/val/cracktree200_6708_jpg.rf.08202f9371b1feb1b6b7a47477671ed9.jpg
ee1575dc9f4e60b94f5ddec1bd16f3adbff0d96c2e888929b9d6de5f7f9e655b,images/train/cracktree200_6709_jpg.rf.25be1b42b3cf98c030df151281d26b54.jpg,images/val/cracktree200_6709_jpg.rf.99933f12e9afc5db31b2667fb96e6998.jpg
66a7ba1a655413ad0578cc055a8cdbf68a327c1adf4c1a115d42da354a41fe1d,images/train/cracktree200_6713_jpg.rf.c34baf94947a3e0291a5755eb0d93550.jpg,images/train/cracktree200_6713_jpg.rf.d571c8d3a0e90f986ba8789ea2411219.jpg
3d0e5912dd9400ba658d68a9b77f8bb86652995ad61e36492ce59dc811469e91,images/train/cracktree200_6715_jpg.rf.aaa6cf6c3e465e20e77520f90fd641a4.jpg,images/train/cracktree200_6715_jpg.rf.d4f9078b258d1851a628396d4726bd59.jpg
e299143bc452b4c858dd573c553420a6156206ed2de80fcc7f9ea5d9d033db2c,images/train/cracktree200_6718_jpg.rf.5c41ef56aadcf68588b5a4f592b8716f.jpg,images/train/cracktree200_6718_jpg.rf.d70bd73d89f1cb0a041900a4b301609c.jpg
6c825fae49cb06e9f69d84403174a21d8b0154b4b068f7180bda46958b68732d,images/train/cracktree200_6719_jpg.rf.c695c1468428c581abf636932c93a57a.jpg,images/val/cracktree200_6719_jpg.rf.baa5ade4f8032782523a50d2918640ba.jpg
b80de485d7e55b270edfacebaadf1d3707cc911758d2696941b02cf791ac7183,images/train/cracktree200_6720_jpg.rf.38a347b5c0e615ba6fad10bb1d3b0c3b.jpg,images/train/cracktree200_6720_jpg.rf.fbf1c320def7561c46d5f8f46323345f.jpg
7d7e46b92f10a5821474a45fc2ec119bd8b2281f4ddc55fd4273eee4e119afa1,images/train/cracktree200_6724_jpg.rf.60e4382a2ff14f397d29af55915dcdd5.jpg,images/train/cracktree200_6724_jpg.rf.7171bf40ec22d8becb3ecab453cbb63d.jpg
3ed02901b45f0ee5c0426b7149180d30244ba0ba941efe1de4af754c3e3c5927,images/train/cracktree200_6727_jpg.rf.1948ec680ddf8d8c718f69750b0eff39.jpg,images/train/cracktree200_6727_jpg.rf.655257a2895c4b84a94e20fb0a6f7c22.jpg
863c59c8a17f883900814db6bb4ac438d5d3880fc4a066446b98c815cd09db4b,images/train/cracktree200_6749_jpg.rf.3edc6578c05183b4e9249cfba94b31f6.jpg,images/train/cracktree200_6749_jpg.rf.f35951ea5d05cfeba6465e71f8226343.jpg
a0e88bffa0e806b4f1f25b4843e6ec475ba0690d451d74dcbc9712114025cf8e,images/train/cracktree200_6750_jpg.rf.530fe10a0a00480163fc877c54bdad4c.jpg,images/train/cracktree200_6750_jpg.rf.c0b50a11362e759c10a06e6e29ea9834.jpg
9ce333a477ca462ea52bed84cea31feec16428776b3157b116b9f750ea64216d,images/train/cracktree200_6754_jpg.rf.fba99950ae19d2340e8a2a36ca88a0de.jpg,images/val/cracktree200_6754_jpg.rf.aebbd714cc031063d692288a988f035c.jpg
e43d43bfec2db829bb28f7151075d2a2eff843b5ab712c8016b9bde60ab5ef8e,images/train/cracktree200_6779_jpg.rf.225ae6b5f11c3bb2eed5f4ef01b008bd.jpg,images/train/cracktree200_6779_jpg.rf.64526d97fb5548f40716c4adc247b211.jpg
11e89a6d5e75a27846ab565ffd3bbaf9e1fd1c405f5018e4b49b74a45d8e68da,images/train/img-401_jpg.rf.81ed736c9b79efe32f70232c4b3b7cc0.jpg,images/train/img-401_jpg.rf.f26d99df6a84ab4c240f7f4a55a1dcd1.jpg
7be0877aadc845c97452f85db7f6a8f8ea278328f462e9d85d74130683d0f314,images/train/img-403_jpg.rf.287a3548b72c63dec5570c73104249ff.jpg,images/train/img-403_jpg.rf.fe7ca096a7f77f8c5746618133aa0592.jpg
7f73470681ee61f136b12331523f355c997586030ceaaa4c80e160d445870278,images/train/img-403_jpg.rf.7a37bfc0550890e54509df2076f2c68d.jpg,images/train/img-403_jpg.rf.aaa62f385e1ec76367954a40106fa7cd.jpg
65ba00f581ab0e8fd0e5fba075e1a4249f5f26b706042124b2b22b9dfd9bb5e1,images/train/img-409_jpg.rf.22769094f43f69f11311e4dbda01a775.jpg,images/train/img-409_jpg.rf.4a1189bae4246d8951e2166fbaf10397.jpg
5a138ce56b2f11eda9c870dfa2f9ee6ebf675a2497dba6250f51ce37b20360fa,images/train/img-409_jpg.rf.aa2622183a96a35212682e96bab28e38.jpg,images/train/img-409_jpg.rf.ca82133b1c3766f55553c4e21ba83122.jpg
1c4ab32dbc547f2c1d3bc27c4876e1eea41e53333c691e1e69f4abae7fc1de16,images/train/img-411_jpg.rf.5cd52adbc882265bea8df71a8246ed16.jpg,images/val/img-411_jpg.rf.ec515065f8cdefcf36948d5133f20410.jpg
537aaecf06b32bdc4b79c837bd49dd1008b71c42e842207632d95df720f3378d,images/train/img-411_jpg.rf.bc25177c6bc4aa2a6ccc8148fc8b3445.jpg,images/train/img-411_jpg.rf.f446cb8de0ce5bc9a941e03510829f5b.jpg
5848a9b1d6068a2dbffcaa70a92b05bb6e6f4f86ea6fbe76d34e231afdf64631,images/train/img-413_jpg.rf.1fd795e9587dc2f756ef1bf1f42a50cb.jpg,images/val/img-413_jpg.rf.25b349a5977fa0a377ceed38bcb71f96.jpg
76a66a9106dd3de487596fa1d332de62e1cd0b8a2b5f48334a751f475179d0a1,images/train/img-415_jpg.rf.565fafd01c69605f36c7ca56b449294f.jpg,images/val/img-415_jpg.rf.ac3f9018ea81c7114fdd12df51a0a38c.jpg
09611fcf1fcddf14a624d1f7daa3d43b034efe949c299755b14a794362fd5040,images/train/img-418_jpg.rf.0bb8462c4d1d67c73c8eb1875113cb26.jpg,images/train/img-418_jpg.rf.b0a4469c3d0e990c48233f6e0242bb5b.jpg
1bddcf8b9e14b37de37a7bddaee28864a3d84ccc77d162122c809442b11c71a7,images/val/CFD_108_jpg.rf.80638164dd0f8ed5753999e10a8d2205.jpg,images/val/forest_108_jpg.rf.760aef6adf00ef04b945a2a1d493078c.jpg
88604959cb8fe2f419120009d7065e5cf2f00ff64463e9007ce60676560d7e92,images/val/CRACK500_20160308_073406_1921_721_jpg.rf.926d520ef737021df85878569bb3b210.jpg,images/val/CRACK500_20160308_073406_1921_721_jpg.rf.9751d205bfb8704534b827a81a2c2acb.jpg
71680c041bf48e73e679af8351dd086896e7f634bf0859a4bf24626e42116ad8,images/val/DeepCrack_7Q3A9060-14_jpg.rf.da7520c53310e0c0007ecb278a82e142.jpg,images/val/DeepCrack_7Q3A9060-14_jpg.rf.e72f320cfbb9ad6bd99214f7173785eb.jpg
